project_id,project_name,employee_id,start_date,end_date,status,complexity_level,billable_hours,client_satisfaction,on_time_delivery,budget_adherence
P9126,engage bricks-and-clicks technologies,1004,2024-05-27,2024-09-29,Delayed,High,63,4.2,False,1.01
P4958,drive innovative networks,1811,2024-01-13,2024-05-17,In Progress,High,182,4.5,True,1.08
P8121,empower seamless ROI,1668,2024-03-28,,Completed,Medium,194,4.7,False,0.94
P9934,deploy end-to-end web services,1275,2024-04-22,,Delayed,Low,179,4.2,True,1.01
P1292,transform global solutions,1410,2024-10-14,2024-11-28,Completed,Medium,140,4.4,False,0.87
P9902,incentivize leading-edge e-markets,1951,2024-08-24,2024-10-08,Delayed,Medium,75,4.0,True,0.88
P8306,incentivize 24/365 relationships,1210,2024-05-10,,Delayed,Low,68,3.8,False,1.13
P2041,aggregate out-of-the-box e-business,1338,2024-12-06,2024-12-25,Delayed,Medium,74,4.1,True,0.86
P1334,harness vertical networks,1822,2024-07-02,,Completed,Low,177,4.0,False,1.16
P8603,deliver viral initiatives,1842,2024-06-02,2024-08-01,Completed,Low,139,3.7,False,0.89
P7910,redefine clicks-and-mortar deliverables,1920,2024-08-18,2024-11-04,Completed,Low,50,3.8,False,1.13
P4411,synthesize world-class functionalities,1393,2024-07-09,2024-10-25,Completed,High,192,4.4,True,1.08
P5701,visualize B2B info-mediaries,1948,2024-07-01,2024-10-06,Delayed,Medium,97,4.9,False,0.93
P6700,target cutting-edge action-items,1091,2024-03-14,,Completed,High,116,3.8,False,0.85
P6327,benchmark collaborative bandwidth,1673,2024-01-19,,In Progress,High,99,4.0,False,0.9
P2884,visualize interactive e-commerce,1624,2024-03-26,2024-11-06,Delayed,High,194,3.9,False,0.87
P5553,deploy proactive networks,1270,2024-11-24,2024-12-12,Completed,High,86,4.2,True,1.14
P4744,maximize rich mindshare,1462,2024-07-12,2024-11-16,Delayed,High,155,3.5,False,0.82
P9874,harness open-source synergies,1691,2024-11-10,,Completed,Medium,72,3.7,True,1.18
P8119,innovate distributed niches,1092,2024-11-03,2024-11-08,In Progress,Low,54,4.4,False,0.91
P8039,grow global metrics,1760,2024-05-21,2024-06-08,Completed,High,154,4.6,False,1.12
P6454,leverage proactive methodologies,1992,2024-06-04,,Completed,High,119,5.0,True,0.8
P7095,re-contextualize visionary e-business,1190,2024-02-01,2024-02-07,In Progress,Medium,146,4.2,False,1.14
P7468,scale B2B interfaces,1867,2024-03-30,2024-06-08,In Progress,High,167,4.6,False,0.99
P1961,orchestrate customized deliverables,1309,2024-05-18,,In Progress,Low,160,4.4,True,0.9
P5865,envisioneer integrated action-items,1056,2024-03-02,2024-07-14,In Progress,High,97,4.6,True,1.15
P7147,facilitate seamless web services,1858,2024-01-07,,In Progress,Low,168,4.8,True,0.93
P5855,seize cutting-edge models,1795,2024-01-31,2024-11-12,Completed,High,50,4.6,True,1.05
P4316,target visionary vortals,1853,2024-02-17,2024-03-14,Completed,High,146,4.8,False,0.84
P7522,benchmark visionary communities,1863,2024-03-19,,Completed,Medium,63,4.8,False,0.82
P2940,exploit turn-key schemas,1591,2024-04-17,,Completed,Medium,196,4.5,False,1.04
P5670,matrix ubiquitous web services,1691,2024-02-05,2024-11-09,In Progress,Medium,58,4.4,True,1.02
P2134,repurpose seamless synergies,1278,2024-01-14,2024-07-28,Completed,Low,180,4.3,False,1.02
P8410,unleash turn-key solutions,1319,2024-07-11,2024-09-12,Delayed,High,180,3.7,True,0.98
P9700,exploit clicks-and-mortar relationships,1637,2024-09-25,2024-11-17,Delayed,Medium,187,5.0,False,1.19
P4839,facilitate compelling eyeballs,1943,2024-03-17,2024-08-16,Completed,Low,195,3.6,False,0.9
P6815,architect out-of-the-box paradigms,1834,2024-06-18,2024-09-27,Completed,Low,99,4.7,True,0.95
P2439,target proactive convergence,1879,2024-10-25,,Completed,Medium,147,4.6,True,0.91
P9760,exploit dynamic paradigms,1549,2024-02-01,,Completed,Medium,153,4.4,True,1.06
P6342,expedite next-generation systems,1461,2024-06-07,,Completed,High,121,3.8,True,1.06
P7689,revolutionize end-to-end users,1383,2024-03-11,2024-04-05,Delayed,Low,170,3.6,True,0.85
P2027,synergize interactive schemas,1670,2024-02-11,2024-06-13,In Progress,Low,181,4.6,False,1.12
P5518,generate proactive ROI,1823,2024-06-23,,In Progress,High,62,4.6,False,1.04
P9951,mesh open-source e-services,1062,2024-07-06,2024-12-20,Completed,Medium,75,3.8,False,1.16
P2525,matrix B2C initiatives,1507,2024-06-23,2024-10-11,Delayed,High,68,4.5,False,1.12
P1345,leverage extensible infrastructures,1548,2024-04-22,2024-11-30,Delayed,High,159,3.6,False,1.13
P5775,syndicate sticky info-mediaries,1536,2024-03-27,,In Progress,Low,159,4.1,False,0.84
P3492,cultivate cutting-edge solutions,1489,2024-04-03,2024-04-03,Delayed,Medium,91,4.1,False,0.82
P9501,integrate out-of-the-box deliverables,1993,2024-08-07,,Delayed,Medium,191,5.0,True,0.9
P6280,deploy back-end methodologies,1664,2024-03-24,2024-04-05,Delayed,Medium,95,3.5,True,0.82
P9518,architect cutting-edge deliverables,1086,2024-12-23,2024-12-26,In Progress,Low,164,4.3,False,0.87
P5976,brand visionary communities,1156,2024-12-26,2024-12-26,Delayed,Medium,157,4.9,False,1.04
P9291,strategize cutting-edge supply-chains,1864,2024-03-18,2024-10-12,Completed,Low,142,,True,0.83
P7611,integrate wireless info-mediaries,1140,2024-09-15,2024-12-04,Completed,Low,117,4.8,True,0.98
P8757,re-contextualize cross-media networks,1770,2024-07-05,2024-09-15,Completed,High,133,4.8,True,0.97
P6904,generate interactive vortals,1177,2024-05-18,2024-11-08,Delayed,Medium,117,3.9,True,0.84
P2920,exploit clicks-and-mortar vortals,1536,2024-04-22,2024-05-31,Completed,Medium,136,4.4,True,1.07
P2681,whiteboard visionary info-mediaries,1380,2024-10-16,2024-12-28,Completed,High,189,4.0,False,1.12
P4355,repurpose end-to-end convergence,1255,2024-12-15,,In Progress,Medium,53,3.8,False,0.9
P3733,integrate virtual supply-chains,1474,2024-01-05,2024-04-28,In Progress,Low,106,3.9,True,0.84
P8906,exploit innovative web-readiness,1210,2024-09-24,2024-12-13,Delayed,Medium,133,3.7,True,1.0
P1311,redefine turn-key vortals,1908,2024-08-31,2024-12-13,Completed,Medium,116,4.0,False,1.09
P5994,orchestrate killer supply-chains,1046,2024-07-24,2024-10-18,Delayed,Low,124,,True,1.01
P6690,envisioneer bricks-and-clicks info-mediaries,1192,2024-07-07,2024-10-12,Delayed,Medium,96,4.8,False,0.81
P3576,integrate vertical eyeballs,1439,2024-09-01,2024-09-29,Delayed,High,142,4.9,True,0.95
P6768,embrace vertical technologies,1537,2024-04-21,,Delayed,Low,84,4.6,True,1.19
P1329,streamline plug-and-play content,1472,2024-02-03,2024-06-25,Completed,Low,144,3.7,False,1.1
P5927,embrace wireless architectures,1795,2024-08-13,2024-09-29,Completed,Medium,163,4.0,False,1.14
P7904,repurpose 24/7 e-commerce,1558,2024-01-06,2024-07-27,Completed,High,174,,False,1.2
P1129,evolve cross-platform functionalities,1602,2024-10-24,2024-11-04,Delayed,Low,135,3.8,True,1.12
P4653,whiteboard enterprise e-commerce,1722,2024-05-22,,Delayed,High,149,4.0,False,1.14
P7372,visualize front-end web-readiness,1778,2024-02-04,2024-05-03,In Progress,Medium,135,4.4,False,0.86
P9874,empower visionary web services,1174,2024-09-30,,Delayed,Low,121,4.7,False,1.12
P7334,integrate revolutionary paradigms,1135,2024-09-11,2024-11-19,Completed,Low,182,,True,1.02
P1726,facilitate seamless paradigms,1904,2024-12-04,2024-12-19,Delayed,Medium,195,4.5,False,0.94
P9671,benchmark global channels,1038,2024-09-05,2024-12-21,Completed,High,88,3.6,True,1.19
P7188,utilize wireless networks,1529,2024-08-31,2024-12-01,Completed,Medium,97,4.1,False,1.12
P5021,re-contextualize integrated content,1109,2024-08-29,2024-09-05,In Progress,High,98,4.0,False,1.06
P3886,re-intermediate web-enabled supply-chains,1667,2024-08-23,2024-10-21,In Progress,High,58,4.1,False,0.83
P9963,seize revolutionary methodologies,1220,2024-06-18,2024-10-22,Delayed,High,199,4.7,False,1.11
P1059,generate impactful e-tailers,1538,2024-03-28,,In Progress,Low,122,3.8,True,1.08
P7782,strategize distributed models,1027,2024-08-06,2024-09-17,Delayed,Low,179,5.0,False,0.9
P8994,monetize bricks-and-clicks vortals,1789,2024-02-24,2024-04-27,Completed,Low,100,4.8,False,1.2
P4664,redefine mission-critical models,1875,2024-10-26,2024-12-14,Completed,High,200,,True,1.12
P5866,drive magnetic action-items,1239,2024-01-15,2024-08-05,Delayed,Low,61,5.0,False,0.93
P5283,generate distributed experiences,1790,2024-05-15,2024-06-09,Completed,Low,192,4.6,True,0.83
P8741,morph real-time experiences,1539,2024-09-16,2024-10-21,In Progress,Medium,92,4.6,True,0.84
P6845,strategize interactive web services,1164,2024-09-04,2024-11-22,Delayed,High,162,3.5,True,0.85
P2182,integrate revolutionary paradigms,1218,2024-08-23,,In Progress,High,79,4.6,False,0.87
P9092,architect vertical niches,1251,2024-04-10,2024-08-26,In Progress,High,189,4.8,False,1.04
P4582,cultivate next-generation models,1171,2024-09-29,,Completed,Medium,79,3.7,False,0.87
P2686,leverage turn-key platforms,1406,2024-09-02,,Completed,High,138,4.9,True,1.19
P3963,implement enterprise initiatives,1846,2024-04-27,,In Progress,Low,107,4.5,True,0.88
P4527,grow scalable networks,1668,2024-10-13,,Delayed,Medium,58,4.8,True,1.13
P5542,deliver customized e-tailers,1320,2024-08-13,,In Progress,High,149,,True,1.13
P9115,transition value-added applications,1037,2024-01-29,2024-08-09,Completed,Medium,90,,False,0.95
P1117,matrix impactful e-markets,1713,2024-07-13,2024-08-04,In Progress,High,102,4.8,False,0.89
P1446,transform magnetic web-readiness,1984,2024-07-26,2024-11-11,Completed,Medium,97,4.0,True,0.81
P5458,incubate distributed architectures,1864,2024-03-30,2024-11-28,In Progress,Low,174,4.8,False,1.07
P6536,innovate viral schemas,1830,2024-08-22,2024-09-12,Completed,Low,106,3.5,False,0.98
P3454,streamline mission-critical architectures,1057,2024-02-07,2024-06-27,In Progress,Low,172,4.5,True,0.94
P7797,morph transparent architectures,1647,2024-04-08,2024-08-12,In Progress,Low,110,3.8,False,0.89
P6929,grow bleeding-edge initiatives,1530,2024-02-29,2024-07-21,In Progress,Medium,101,3.7,False,1.15
P1453,enhance next-generation platforms,1020,2024-03-01,2024-07-14,Delayed,Medium,76,4.5,False,0.94
P8053,strategize customized interfaces,1095,2024-02-19,2024-08-08,Delayed,Low,81,4.0,True,0.89
P7064,generate synergistic models,1262,2024-03-07,2024-05-08,In Progress,High,124,4.6,True,0.82
P1348,extend extensible models,1515,2024-11-03,,Completed,Low,93,,False,1.19
P9971,integrate leading-edge functionalities,1108,2024-04-18,2024-09-06,Delayed,Low,153,4.8,True,1.14
P8478,deliver customized initiatives,1785,2024-08-07,2024-12-10,In Progress,Low,198,4.1,False,0.99
P5596,enhance magnetic infrastructures,1363,2024-06-30,2024-12-22,In Progress,Low,150,4.5,False,1.2
P8066,revolutionize rich platforms,1751,2024-10-21,2024-11-22,In Progress,Medium,187,4.8,False,1.11
P1057,brand robust niches,1169,2024-12-28,,In Progress,High,174,,True,1.13
P6560,transition strategic portals,1393,2024-03-07,2024-08-02,Completed,Medium,174,3.9,False,0.92
P8684,morph customized infrastructures,1147,2024-11-20,2024-12-27,Completed,High,199,4.9,False,0.89
P7032,facilitate robust portals,1885,2024-12-14,2024-12-24,In Progress,Low,193,3.6,True,1.19
P5997,disintermediate viral e-commerce,1737,2024-04-11,2024-05-21,In Progress,Low,130,4.9,True,1.12
P5164,envisioneer cross-media methodologies,1705,2024-04-11,,Completed,Medium,73,,True,1.03
P6298,deliver B2B metrics,1963,2024-09-13,,Completed,High,183,4.6,False,0.98
P7854,extend front-end relationships,1155,2024-12-16,2024-12-26,Completed,Medium,125,3.6,False,0.81
P6498,repurpose one-to-one e-services,1178,2024-04-09,2024-05-12,In Progress,Low,70,4.6,False,0.97
P6675,engage revolutionary portals,1192,2024-12-27,2024-12-28,In Progress,Low,175,4.5,True,0.96
P6750,synthesize cutting-edge channels,1460,2024-08-19,2024-11-25,Delayed,Medium,191,3.7,True,1.05
P7653,aggregate dynamic systems,1217,2024-01-09,2024-08-30,Delayed,High,76,,True,1.12
P6799,strategize world-class communities,1434,2024-04-05,2024-11-21,In Progress,Low,84,4.7,False,0.91
P8856,transition collaborative web services,1285,2024-05-01,2024-07-07,In Progress,Medium,168,4.0,True,0.93
P6783,unleash holistic technologies,1049,2024-06-10,2024-06-10,Completed,High,69,5.0,False,0.9
P3543,monetize user-centric portals,1849,2024-09-13,2024-10-06,In Progress,Medium,53,4.4,True,1.01
P9535,engineer real-time synergies,1123,2024-11-24,,In Progress,High,135,3.7,True,1.01
P6465,leverage user-centric initiatives,1879,2024-11-05,,Completed,Low,113,4.9,False,0.93
P3001,seize dynamic technologies,1578,2024-03-14,,Delayed,High,59,3.8,True,1.12
P1699,seize cross-platform architectures,1790,2024-03-01,2024-07-05,In Progress,Low,53,4.2,True,1.09
P1869,aggregate B2B e-commerce,1555,2024-02-03,2024-09-06,Completed,High,184,3.7,False,1.05
P3331,e-enable e-business e-tailers,1476,2024-10-06,2024-10-20,Delayed,High,66,4.5,True,0.93
P2663,embrace bricks-and-clicks convergence,1865,2024-07-26,2024-09-13,Delayed,Medium,58,5.0,False,1.19
P5544,implement synergistic niches,1778,2024-01-29,2024-12-21,Completed,Medium,79,3.9,False,1.12
P6000,cultivate bricks-and-clicks eyeballs,1483,2024-12-27,2024-12-27,Completed,Low,131,4.1,False,0.97
P8566,facilitate clicks-and-mortar relationships,1323,2024-12-02,2024-12-25,Delayed,Low,194,4.6,True,0.87
P5333,whiteboard leading-edge mindshare,1488,2024-06-05,2024-12-17,Completed,Medium,60,4.8,True,1.03
P7643,visualize virtual synergies,1042,2024-12-17,2024-12-20,In Progress,High,77,3.9,True,0.92
P7507,syndicate intuitive eyeballs,1022,2024-06-19,2024-07-19,Delayed,High,109,4.4,False,0.95
P8068,architect extensible paradigms,1712,2024-05-31,2024-08-12,Completed,Medium,72,4.2,True,0.86
P4895,repurpose viral web services,1275,2024-09-25,,In Progress,High,111,4.6,True,0.98
P4569,architect holistic deliverables,1547,2024-08-28,,Completed,High,117,3.6,False,1.14
P8167,generate interactive eyeballs,1494,2024-02-10,2024-11-20,Delayed,High,86,3.6,False,0.98
P1412,leverage customized action-items,1948,2024-06-06,2024-12-05,In Progress,Low,115,4.2,True,1.09
P6302,orchestrate transparent channels,1320,2024-04-04,,In Progress,Medium,128,4.9,True,0.83
P9386,redefine cutting-edge systems,1101,2024-06-23,2024-09-17,Delayed,Medium,95,3.8,True,0.81
P5399,matrix open-source mindshare,1890,2024-04-23,2024-10-08,Completed,High,99,,False,1.02
P2704,cultivate 24/7 applications,1375,2024-11-04,2024-12-23,In Progress,Medium,160,,True,1.16
P2122,engineer integrated users,1812,2024-09-03,2024-10-29,Delayed,High,59,4.5,False,0.91
P4024,unleash ubiquitous technologies,1412,2024-06-22,2024-10-24,Delayed,High,93,4.2,False,1.08
P9931,orchestrate distributed niches,1035,2024-08-14,2024-12-25,In Progress,Low,161,3.6,True,1.08
P8396,re-intermediate dynamic partnerships,1529,2024-08-23,,Completed,Low,200,4.3,True,0.92
P1053,synthesize cross-media functionalities,1007,2024-03-19,2024-08-27,Delayed,High,108,3.7,True,0.96
P4029,leverage wireless e-markets,1502,2024-12-09,2024-12-21,Delayed,Medium,100,5.0,True,0.88
P8783,unleash clicks-and-mortar methodologies,1240,2024-07-14,2024-09-02,Delayed,Low,91,4.7,True,1.02
P4400,strategize cutting-edge systems,1373,2024-05-08,2024-08-05,Delayed,High,97,4.3,True,0.81
P7513,deliver best-of-breed ROI,1180,2024-09-07,,In Progress,Low,154,,True,0.9
P8758,aggregate intuitive interfaces,1319,2024-01-13,,Delayed,Medium,153,,False,0.92
P7777,unleash best-of-breed platforms,1015,2024-02-17,2024-11-19,Delayed,High,114,3.6,False,1.08
P7839,expedite value-added supply-chains,1255,2024-07-06,2024-10-01,In Progress,High,69,4.3,True,0.98
P9848,integrate best-of-breed schemas,1649,2024-04-04,2024-07-30,In Progress,High,195,4.6,True,1.11
P4011,incubate magnetic solutions,1915,2024-09-21,,In Progress,High,182,,False,1.03
P5015,visualize turn-key web services,1256,2024-03-18,2024-04-26,In Progress,High,182,3.9,True,0.82
P9383,transform vertical platforms,1172,2024-12-10,2024-12-27,In Progress,Low,71,4.7,True,0.89
P7370,empower value-added communities,1054,2024-06-03,2024-11-06,In Progress,High,57,,False,0.95
P5537,enable leading-edge initiatives,1039,2024-04-06,2024-09-17,Delayed,Low,88,5.0,False,0.92
P3596,deliver bricks-and-clicks solutions,1108,2024-12-04,2024-12-14,Completed,High,101,3.7,False,0.92
P4507,seize efficient web services,1338,2024-01-28,2024-03-10,In Progress,High,192,3.6,True,1.12
P8523,maximize compelling users,1134,2024-12-13,2024-12-18,In Progress,Low,156,3.8,False,1.06
P1806,disintermediate holistic action-items,1723,2024-12-19,2024-12-20,In Progress,Medium,171,4.5,False,1.06
P7630,cultivate turn-key applications,1982,2024-04-11,2024-05-14,Delayed,Low,113,4.8,False,0.97
P9309,utilize enterprise e-commerce,1088,2024-11-08,2024-11-16,In Progress,Medium,106,4.2,False,1.16
P5531,deploy viral action-items,1371,2024-01-05,2024-07-17,In Progress,High,109,4.3,True,0.98
P3722,seize leading-edge technologies,1320,2024-10-04,2024-11-09,Completed,High,146,,True,0.91
P6757,integrate B2B e-markets,1333,2024-06-03,,In Progress,Medium,65,5.0,True,1.05
P9954,reinvent B2B content,1809,2024-12-20,2024-12-27,Completed,Medium,77,4.9,False,1.09
P5780,engage end-to-end eyeballs,1214,2024-12-01,2024-12-25,Completed,Low,180,4.6,True,0.92
P3568,transform B2B e-commerce,1503,2024-12-28,2024-12-28,In Progress,High,190,4.3,False,0.93
P9585,transform interactive supply-chains,1880,2024-09-06,,In Progress,Low,168,3.5,False,1.14
P4385,enable innovative markets,1765,2024-01-17,2024-06-26,Delayed,Low,110,4.0,True,1.07
P5766,integrate intuitive vortals,1814,2024-07-24,2024-09-18,Completed,Medium,60,,False,0.95
P8778,iterate rich experiences,1374,2024-12-02,2024-12-25,In Progress,High,146,3.7,True,1.19
P9116,enable innovative paradigms,1702,2024-01-07,2024-06-08,Delayed,High,50,4.1,False,1.2
P5650,syndicate synergistic ROI,1491,2024-08-07,2024-12-03,Completed,Low,196,4.7,False,1.17
P2095,brand impactful e-markets,1848,2024-12-02,,Delayed,Medium,99,4.2,False,0.81
P5782,disintermediate scalable users,1710,2024-12-28,,Delayed,Medium,146,4.6,True,1.0
P7341,engage e-business interfaces,1301,2024-03-24,2024-09-02,Delayed,Medium,134,4.8,False,0.91
P4121,re-contextualize granular initiatives,1805,2024-08-04,,In Progress,Low,156,,True,0.89
P6083,grow magnetic info-mediaries,1538,2024-04-22,2024-05-08,Delayed,High,200,4.4,False,1.09
P2889,mesh ubiquitous infrastructures,1560,2024-03-17,2024-04-06,Delayed,Medium,131,3.6,True,0.92
P4654,empower 24/365 applications,1021,2024-12-24,,In Progress,High,163,3.7,False,0.85
P8375,re-intermediate value-added metrics,1578,2024-01-07,2024-03-22,Delayed,Low,92,4.6,True,1.15
P5771,utilize scalable supply-chains,1616,2024-12-13,2024-12-16,In Progress,Low,67,3.6,True,0.91
P6412,strategize virtual interfaces,1871,2024-11-24,2024-12-26,In Progress,High,57,4.2,False,0.96
P8948,syndicate clicks-and-mortar functionalities,1801,2024-11-05,2024-11-08,Completed,Low,64,3.8,False,0.94
P4245,re-contextualize front-end models,1885,2024-03-09,2024-11-17,In Progress,High,68,4.1,True,0.91
P8461,transition world-class experiences,1242,2024-04-20,2024-11-05,In Progress,Medium,174,4.7,True,1.1
P5445,mesh frictionless partnerships,1737,2024-06-23,2024-10-22,Delayed,Medium,172,3.6,False,0.99
P2937,target bleeding-edge users,1337,2024-03-30,2024-06-03,Completed,Low,128,4.5,True,1.02
P5551,reinvent B2C metrics,1640,2024-02-15,2024-06-22,In Progress,Low,193,4.3,False,1.14
P5568,reinvent global networks,1458,2024-10-31,2024-11-20,Completed,Low,149,3.9,False,1.14
P7403,innovate virtual vortals,1619,2024-06-25,2024-11-02,Delayed,Low,182,4.3,True,1.03
P5866,embrace distributed applications,1081,2024-04-09,2024-04-23,Completed,High,111,3.6,False,1.04
P5768,engage distributed models,1704,2024-09-17,2024-11-04,In Progress,Medium,121,3.6,True,0.94
P3466,envisioneer web-enabled experiences,1280,2024-10-26,2024-11-30,In Progress,High,155,,False,0.9
P8786,incubate wireless content,1848,2024-02-03,2024-08-17,In Progress,Low,166,3.6,True,1.04
P1119,target scalable markets,1954,2024-05-20,2024-09-01,Completed,Medium,189,4.3,True,0.89
P2886,whiteboard virtual niches,1424,2024-07-03,2024-12-08,Delayed,Low,193,4.1,False,0.99
P8695,architect wireless e-markets,1001,2024-10-19,2024-11-29,In Progress,Low,77,4.5,True,1.14
P6280,incentivize compelling convergence,1616,2024-08-20,2024-11-29,In Progress,Medium,172,4.0,False,1.13
P8851,visualize vertical niches,1095,2024-05-19,2024-10-07,In Progress,Low,182,4.1,False,1.09
P2146,incubate interactive users,1872,2024-11-18,2024-12-04,In Progress,Low,107,4.1,True,0.9
P7718,disintermediate robust synergies,1961,2024-07-10,,Completed,Medium,182,3.5,False,0.96
P5535,synthesize plug-and-play paradigms,1376,2024-12-05,2024-12-23,Delayed,Medium,165,,False,0.89
P5070,streamline dynamic initiatives,1305,2024-08-27,2024-12-17,In Progress,High,136,3.7,False,0.95
P1514,orchestrate mission-critical functionalities,1050,2024-06-21,2024-11-21,Completed,High,95,4.4,False,1.17
P1386,generate bleeding-edge relationships,1168,2024-12-07,2024-12-08,Delayed,High,91,4.0,False,0.93
P7543,implement front-end solutions,1296,2024-08-16,2024-11-21,Delayed,Medium,157,3.6,True,1.04
P2465,embrace out-of-the-box methodologies,1898,2024-03-22,2024-06-21,In Progress,Low,126,,False,1.16
P8473,morph vertical initiatives,1126,2024-06-12,2024-11-22,In Progress,High,118,3.7,False,1.01
P3859,monetize wireless web-readiness,2000,2024-01-19,2024-02-20,In Progress,Medium,196,3.8,True,0.89
P6090,innovate 24/365 e-tailers,1849,2024-02-05,2024-10-02,Completed,Low,73,3.9,False,0.98
P7785,implement user-centric communities,1987,2024-05-06,2024-07-17,Delayed,High,94,4.8,False,0.82
P1227,streamline best-of-breed partnerships,1425,2024-03-08,2024-08-03,Completed,Low,186,4.5,False,1.16
P7683,extend efficient channels,1685,2024-05-30,,In Progress,Low,104,5.0,False,1.08
P8036,strategize bleeding-edge e-services,1920,2024-10-22,2024-11-28,Delayed,Low,82,4.7,True,1.1
P7739,transform distributed markets,1555,2024-02-15,2024-07-11,In Progress,High,94,4.0,True,0.83
P9405,orchestrate dynamic platforms,1617,2024-12-17,2024-12-23,Delayed,Low,180,3.7,False,1.07
P4473,syndicate strategic systems,1848,2024-01-04,2024-01-28,In Progress,High,117,4.0,False,0.85
P7927,generate distributed vortals,1546,2024-02-17,2024-10-07,Delayed,High,50,5.0,True,1.13
P9303,extend dot-com paradigms,1255,2024-06-29,2024-12-24,In Progress,High,166,4.8,True,1.1
P8589,expedite bricks-and-clicks web-readiness,1264,2024-05-09,2024-06-20,Delayed,Medium,72,4.6,True,0.95
P3270,expedite value-added synergies,1898,2024-08-03,2024-08-17,Delayed,Medium,63,4.5,False,1.11
P2279,transition open-source e-markets,1428,2024-11-22,2024-12-28,Completed,Low,152,4.5,False,0.84
P6714,exploit bleeding-edge functionalities,1640,2024-10-26,2024-12-07,Delayed,Medium,105,3.7,True,1.12
P9767,leverage next-generation e-services,1238,2024-05-19,,In Progress,Medium,129,4.6,False,0.91
P9962,evolve collaborative e-commerce,1854,2024-05-21,2024-10-11,Completed,High,132,3.5,True,1.11
P2760,reinvent back-end initiatives,1749,2024-04-02,2024-08-20,Delayed,Medium,62,4.3,True,0.81
P4095,utilize B2C ROI,1873,2024-04-03,2024-12-12,Delayed,Low,59,3.9,True,1.18
P7363,syndicate mission-critical markets,1764,2024-11-09,2024-12-15,Completed,Low,134,4.7,False,1.08
P7268,harness cutting-edge web-readiness,1962,2024-06-03,2024-11-10,Completed,High,127,4.1,False,1.09
P4598,benchmark frictionless solutions,1454,2024-03-06,2024-06-28,Completed,High,112,4.7,True,0.83
P2301,grow visionary technologies,1593,2024-05-22,2024-11-11,Delayed,High,180,4.2,False,1.01
P9672,monetize revolutionary relationships,1192,2024-02-01,2024-10-15,Completed,High,194,3.8,True,1.04
P2166,evolve rich supply-chains,1531,2024-07-01,,Delayed,High,193,4.0,False,0.96
P1290,enable rich methodologies,1813,2024-03-15,2024-05-12,In Progress,Medium,137,3.7,False,1.07
P1058,iterate rich methodologies,1387,2024-08-30,2024-12-28,Completed,Low,164,,False,0.94
P1875,leverage impactful initiatives,1463,2024-10-25,2024-11-27,Delayed,High,58,3.6,False,1.15
P1747,target one-to-one interfaces,1679,2024-05-02,2024-11-22,In Progress,Medium,199,4.8,False,0.88
P5254,engage interactive platforms,1022,2024-11-12,2024-12-17,Delayed,Medium,172,3.8,True,0.82
P5184,harness one-to-one infrastructures,1306,2024-07-04,2024-07-24,In Progress,Low,172,3.7,False,0.83
P1006,leverage back-end initiatives,1555,2024-01-26,2024-05-05,Completed,Low,96,,True,1.1
P2179,scale extensible relationships,1501,2024-03-02,2024-06-23,Delayed,Medium,114,4.8,True,1.19
P7801,deploy visionary e-tailers,1796,2024-12-10,2024-12-17,Delayed,Medium,120,5.0,False,1.08
P8257,re-contextualize best-of-breed systems,1226,2024-01-29,2024-10-16,In Progress,Medium,143,4.6,True,1.02
P4158,syndicate back-end infrastructures,1109,2024-01-29,2024-11-11,Completed,High,51,,False,0.83
P3924,innovate transparent interfaces,1887,2024-08-10,2024-08-10,Completed,Medium,90,4.9,True,1.14
P7278,monetize turn-key experiences,1505,2024-08-19,2024-10-20,In Progress,High,118,3.6,False,0.81
P4852,incubate synergistic info-mediaries,1304,2024-01-21,,Completed,Medium,175,3.7,False,0.95
P5600,aggregate dot-com synergies,1758,2024-10-14,2024-10-14,In Progress,Low,59,4.7,True,0.97
P9051,visualize e-business models,1983,2024-12-12,2024-12-14,In Progress,High,186,3.7,False,0.85
P8522,matrix e-business bandwidth,1121,2024-06-05,,Completed,High,56,3.9,True,1.09
P1998,synergize sticky e-tailers,1672,2024-01-12,,Delayed,Medium,150,4.5,False,1.1
P8447,embrace sticky methodologies,1553,2024-09-09,2024-09-16,In Progress,Medium,55,4.7,True,0.96
P6246,architect magnetic infrastructures,1473,2024-02-18,2024-08-11,Delayed,High,121,4.9,True,1.13
P4562,whiteboard e-business bandwidth,1022,2024-09-15,2024-12-25,Delayed,Medium,185,4.6,False,0.93
P9815,incentivize turn-key info-mediaries,1223,2024-03-04,2024-03-15,Completed,Medium,130,3.8,True,0.81
P3852,seize cutting-edge portals,1627,2024-08-16,2024-10-28,Completed,Medium,58,,True,0.96
P6530,optimize innovative web services,1788,2024-01-05,2024-01-16,In Progress,Medium,138,4.6,False,1.12
P7953,envisioneer end-to-end interfaces,1809,2024-10-27,2024-11-26,Completed,High,85,3.7,True,1.13
P4153,unleash visionary schemas,1650,2024-10-07,2024-10-12,In Progress,High,91,,True,1.19
P5066,iterate distributed partnerships,1980,2024-11-14,2024-11-21,Completed,High,63,4.6,False,1.02
P1213,cultivate efficient e-tailers,1997,2024-02-17,2024-07-29,Delayed,High,181,4.8,True,0.84
P1339,monetize innovative initiatives,1791,2024-04-15,2024-06-21,In Progress,Medium,109,,False,1.07
P8925,harness distributed web services,1798,2024-04-08,2024-10-08,Completed,Low,75,3.7,False,1.01
P2552,orchestrate efficient deliverables,1001,2024-06-02,2024-11-18,Delayed,Medium,156,5.0,False,0.85
P7852,enable bleeding-edge markets,1342,2024-02-26,,In Progress,Low,165,3.5,True,1.17
P8096,productize distributed channels,1547,2024-09-07,2024-11-28,In Progress,Medium,128,4.2,True,0.94
P8007,generate strategic e-commerce,1622,2024-10-15,2024-10-22,Delayed,High,135,4.2,True,0.94
P7223,morph wireless markets,1326,2024-12-23,2024-12-26,Delayed,High,195,4.2,False,1.12
P7126,exploit cross-media platforms,1227,2024-03-28,2024-10-15,Completed,Medium,148,,True,1.19
P8871,re-intermediate B2C action-items,1667,2024-08-31,2024-11-04,Delayed,Low,75,4.6,False,1.08
P8207,redefine cutting-edge interfaces,1990,2024-04-18,,Delayed,Low,139,4.7,False,1.09
P3307,optimize rich technologies,1647,2024-05-03,2024-06-29,Completed,Low,128,4.2,False,1.09
P2498,morph world-class solutions,1429,2024-06-13,,In Progress,High,138,4.4,True,0.89
P5771,transform user-centric niches,1797,2024-10-22,2024-11-13,Completed,Medium,82,5.0,True,0.97
P9337,implement user-centric paradigms,1561,2024-08-13,2024-10-13,Completed,Medium,154,4.5,True,0.81
P1950,visualize front-end platforms,1953,2024-10-29,2024-11-29,In Progress,Low,183,4.9,False,1.13
P6271,matrix killer info-mediaries,1210,2024-02-07,2024-11-01,In Progress,High,65,4.9,False,0.98
P5076,transform magnetic experiences,1645,2024-12-26,2024-12-27,In Progress,Medium,87,4.6,True,1.08
P2545,visualize cutting-edge action-items,1475,2024-09-18,2024-11-13,Delayed,Medium,124,4.4,False,1.0
P4293,engineer value-added models,1134,2024-09-02,2024-09-22,Completed,Medium,185,4.0,False,0.81
P3822,iterate revolutionary functionalities,1737,2024-07-30,2024-11-23,Delayed,Medium,76,3.8,True,1.02
P3529,brand world-class systems,1357,2024-07-06,2024-10-17,In Progress,Low,162,3.8,True,1.14
P2575,streamline one-to-one schemas,1192,2024-10-17,2024-11-22,Completed,High,193,4.1,False,0.89
P2708,enhance value-added niches,1008,2024-11-06,2024-12-27,Delayed,Medium,114,5.0,False,0.94
P3114,innovate world-class functionalities,1187,2024-02-11,2024-11-07,In Progress,Medium,152,4.0,True,0.96
P7073,empower front-end models,1183,2024-11-29,,Completed,Medium,76,4.5,True,1.05
P8442,incentivize web-enabled niches,1305,2024-04-29,2024-11-08,Completed,High,133,,True,0.94
P6448,disintermediate collaborative action-items,1906,2024-09-29,2024-10-20,Delayed,High,61,4.1,False,1.01
P5091,integrate mission-critical web services,1118,2024-06-16,2024-12-18,Completed,Low,166,4.2,True,0.88
P3891,revolutionize bricks-and-clicks eyeballs,1622,2024-06-14,2024-12-25,Delayed,Low,115,3.9,True,0.95
P6973,e-enable web-enabled partnerships,1016,2024-11-20,2024-12-07,Completed,Medium,77,4.6,False,0.92
P2617,exploit turn-key markets,1110,2024-09-15,2024-12-17,Completed,High,198,3.5,True,0.92
P4643,generate killer info-mediaries,1795,2024-04-08,2024-04-09,Delayed,High,70,4.7,True,1.18
P5615,redefine one-to-one deliverables,1321,2024-01-08,2024-02-09,Delayed,High,52,3.7,False,0.83
P9025,engage customized niches,1908,2024-05-07,2024-10-08,Delayed,Low,132,4.3,False,0.88
P2574,extend synergistic communities,1854,2024-09-07,2024-09-10,Delayed,Medium,122,4.4,False,0.81
P4150,utilize world-class web services,1539,2024-08-07,,Completed,High,90,4.5,False,0.9
P7374,expedite cross-media info-mediaries,1100,2024-05-17,2024-05-29,In Progress,High,125,,True,0.99
P7815,orchestrate innovative deliverables,1258,2024-12-23,2024-12-26,Delayed,Medium,192,3.7,True,1.17
P7305,drive B2C architectures,1244,2024-04-13,2024-10-03,In Progress,Medium,95,3.6,True,1.02
P1421,streamline impactful e-tailers,1374,2024-06-03,2024-12-16,Delayed,Low,184,4.3,True,1.08
P4196,matrix virtual technologies,1001,2024-10-14,,In Progress,High,89,4.1,False,1.05
P3532,whiteboard mission-critical infrastructures,1805,2024-01-30,2024-07-13,Completed,Low,52,3.6,True,1.16
P3786,cultivate real-time paradigms,1435,2024-08-19,2024-10-25,Completed,Low,169,4.5,True,0.85
P2110,scale enterprise ROI,1276,2024-11-11,,Delayed,High,65,4.8,True,0.98
P3730,deliver proactive mindshare,1138,2024-10-14,2024-11-30,Delayed,High,128,4.9,False,0.89
P4894,extend scalable interfaces,1551,2024-07-25,2024-12-14,In Progress,High,92,4.1,False,1.06
P6753,aggregate e-business initiatives,1276,2024-07-14,2024-12-16,Delayed,Low,63,4.7,True,1.18
P9592,transition 24/7 bandwidth,1369,2024-02-28,2024-11-13,Delayed,Medium,166,3.7,True,0.91
P9448,expedite global schemas,1671,2024-08-14,2024-10-17,Delayed,Low,161,,True,0.94
P8999,transition granular e-tailers,1984,2024-02-27,2024-12-25,In Progress,Low,54,3.7,False,0.83
P1935,reinvent open-source architectures,1737,2024-04-03,2024-05-04,Delayed,High,126,,False,1.03
P1690,enable cross-media synergies,1643,2024-07-07,2024-10-11,Completed,Medium,180,4.6,True,0.91
P9870,unleash killer deliverables,1872,2024-11-16,2024-12-19,Completed,Low,193,4.9,False,1.05
P9455,engineer cutting-edge initiatives,1526,2024-11-26,2024-12-12,In Progress,High,173,3.9,True,1.03
P9466,scale ubiquitous initiatives,1179,2024-06-13,2024-08-19,In Progress,Medium,188,5.0,False,1.06
P1368,aggregate efficient ROI,1022,2024-04-11,2024-05-16,In Progress,Medium,55,,False,0.91
P6272,unleash rich solutions,1216,2024-07-11,2024-11-14,In Progress,Medium,87,4.4,False,0.94
P7121,harness holistic e-services,1839,2024-02-25,2024-05-13,Delayed,Medium,178,,False,0.97
P1023,cultivate dot-com ROI,1615,2024-09-28,2024-11-14,Completed,Medium,193,4.7,False,1.14
P5807,transform extensible eyeballs,1280,2024-12-18,2024-12-27,Delayed,High,123,4.5,True,0.85
P1651,morph viral paradigms,1934,2024-01-05,2024-08-28,In Progress,High,164,4.0,False,1.11
P6890,incentivize compelling portals,1052,2024-06-19,2024-10-12,In Progress,High,174,4.8,False,0.99
P1890,visualize ubiquitous partnerships,1470,2024-02-13,2024-07-05,Delayed,High,104,3.7,True,1.18
P1930,envisioneer B2B supply-chains,1097,2024-08-27,2024-12-24,Completed,High,156,4.5,False,1.05
P1235,cultivate open-source networks,1692,2024-01-20,,In Progress,Low,61,3.7,True,0.93
P6640,iterate open-source e-services,1889,2024-02-22,2024-11-05,In Progress,Low,104,4.7,True,1.17
P6639,cultivate bricks-and-clicks convergence,1870,2024-12-03,2024-12-03,In Progress,Medium,141,4.0,False,1.02
P9857,extend holistic models,1964,2024-09-24,2024-12-15,In Progress,Low,159,3.9,False,1.01
P9358,enhance impactful technologies,1674,2024-08-24,2024-12-19,In Progress,Low,107,,True,0.87
P5342,synthesize best-of-breed bandwidth,1361,2024-09-17,2024-10-22,In Progress,Low,111,4.4,False,0.85
P9334,target B2C e-services,1272,2024-08-15,2024-10-21,In Progress,Medium,166,,True,1.08
P6389,whiteboard mission-critical e-commerce,1319,2024-07-21,2024-12-08,Delayed,High,148,3.8,True,0.97
P2735,enable B2C infrastructures,1932,2024-09-21,2024-10-04,Completed,High,76,4.5,True,1.01
P6963,transform sticky web services,1452,2024-04-02,2024-08-04,Delayed,High,139,3.9,True,1.03
P4128,whiteboard intuitive action-items,1962,2024-12-10,,Completed,High,88,4.4,False,1.14
P2427,streamline sticky web-readiness,1912,2024-09-11,2024-10-21,Completed,High,51,4.6,False,0.98
P4173,aggregate out-of-the-box methodologies,1803,2024-07-03,2024-09-04,In Progress,Low,117,5.0,False,1.04
P5231,reinvent back-end interfaces,1450,2024-01-18,,Completed,High,156,3.9,False,1.2
P6009,mesh front-end platforms,1211,2024-08-11,2024-10-04,In Progress,Medium,182,3.8,False,0.83
P9625,enable end-to-end ROI,1648,2024-03-07,2024-05-27,Delayed,Medium,167,5.0,False,1.01
P4097,redefine robust schemas,1058,2024-03-29,2024-06-03,Completed,High,156,3.7,True,1.16
P1594,incentivize world-class info-mediaries,1458,2024-07-07,2024-12-06,Delayed,Low,132,3.6,False,0.81
P9029,engineer seamless e-tailers,1327,2024-01-24,2024-11-17,In Progress,Low,85,5.0,False,1.17
P8238,incentivize compelling synergies,1637,2024-08-15,2024-09-04,In Progress,High,132,4.8,True,1.06
P4721,engage visionary deliverables,1426,2024-07-23,2024-09-29,Completed,Medium,182,4.8,True,1.11
P6710,re-intermediate frictionless initiatives,1712,2024-03-20,2024-09-22,Delayed,Medium,77,3.9,False,0.93
P3890,embrace cutting-edge schemas,1735,2024-03-28,,In Progress,High,182,,True,0.92
P2270,synergize scalable deliverables,1327,2024-03-13,2024-05-06,Completed,Medium,95,4.2,True,0.93
P3057,exploit best-of-breed systems,1933,2024-01-03,2024-08-29,Delayed,Medium,101,4.6,True,0.88
P1545,transform bleeding-edge partnerships,1476,2024-01-27,2024-06-19,Completed,High,69,,False,0.8
P7354,e-enable seamless niches,1647,2024-12-25,2024-12-27,Completed,Medium,120,3.9,False,0.8
P7149,incubate interactive users,1666,2024-10-04,2024-12-01,Completed,Low,143,3.6,False,1.06
P9115,grow efficient experiences,1607,2024-01-02,2024-03-18,Completed,Low,134,4.0,True,0.91
P4731,extend bleeding-edge users,1656,2024-06-18,2024-12-07,In Progress,Low,171,3.8,False,1.17
P6111,transform magnetic e-tailers,1375,2024-02-17,,Delayed,Medium,93,4.5,True,1.13
P8710,repurpose dot-com networks,1252,2024-06-21,2024-07-02,Completed,Low,115,,False,1.17
P4885,leverage extensible relationships,1956,2024-04-13,2024-09-13,Completed,Medium,69,5.0,True,0.8
P3215,utilize visionary models,1375,2024-05-01,2024-08-28,In Progress,Medium,92,3.6,False,0.81
P4694,implement world-class e-services,1384,2024-12-08,2024-12-08,Completed,Medium,143,4.1,False,1.04
P3520,harness end-to-end e-tailers,1065,2024-12-22,2024-12-26,Delayed,Medium,103,4.7,False,1.01
P1693,engage mission-critical web services,1399,2024-12-22,2024-12-25,Completed,Medium,142,4.9,True,1.16
P3060,deliver proactive web services,1004,2024-02-18,2024-12-16,In Progress,High,149,,False,0.8
P7066,maximize bleeding-edge deliverables,1258,2024-08-03,2024-09-06,Completed,Low,166,3.5,False,1.07
P6295,exploit global users,1402,2024-05-05,2024-05-27,Delayed,High,59,4.0,False,1.15
P3180,syndicate frictionless supply-chains,1509,2024-04-18,2024-10-26,Completed,Low,93,3.6,True,0.81
P2049,extend synergistic e-services,1409,2024-07-19,2024-10-21,Delayed,Low,59,4.8,False,1.14
P5034,disintermediate cutting-edge technologies,1104,2024-06-29,2024-07-12,In Progress,Low,137,4.6,True,1.14
P1809,harness web-enabled e-tailers,1736,2024-02-08,,Completed,High,151,4.7,True,0.86
P2976,grow vertical architectures,1422,2024-10-15,2024-10-18,In Progress,Low,83,4.9,False,0.85
P3559,innovate rich markets,1268,2024-06-08,2024-11-16,Completed,Medium,111,,True,1.08
P1247,architect bleeding-edge infrastructures,1793,2024-09-07,2024-11-23,Completed,Low,98,4.3,True,1.02
P4863,maximize innovative e-commerce,1689,2024-02-08,,In Progress,Low,200,4.4,True,0.93
P6287,evolve sticky applications,1778,2024-09-27,,In Progress,Low,174,3.8,False,1.16
P7683,extend magnetic web-readiness,1714,2024-05-09,2024-09-16,Delayed,Medium,146,4.8,False,0.98
P7159,synthesize best-of-breed initiatives,1957,2024-08-19,2024-10-05,Completed,Medium,50,3.5,False,0.82
P4890,morph leading-edge e-services,1056,2024-11-22,2024-12-01,In Progress,Low,82,3.8,True,1.09
P3684,re-intermediate intuitive bandwidth,1343,2024-07-08,2024-10-11,In Progress,Low,175,4.9,True,0.97
P6263,revolutionize killer models,1602,2024-01-04,,Delayed,High,189,4.6,False,0.88
P5927,visualize killer web-readiness,1744,2024-08-10,2024-12-10,Completed,High,89,,False,0.87
P3631,transform global markets,1164,2024-06-09,,Delayed,Low,100,4.7,True,1.0
P3676,envisioneer out-of-the-box deliverables,1951,2024-12-14,2024-12-14,Completed,Medium,57,4.2,True,1.11
P1694,syndicate B2B platforms,1883,2024-02-20,2024-03-08,Delayed,High,74,3.9,True,0.92
P3536,reinvent real-time systems,1947,2024-05-31,,In Progress,Medium,149,3.5,True,1.03
P6709,enable seamless e-commerce,1233,2024-09-26,2024-10-24,Completed,Medium,156,4.5,True,0.88
P2850,re-contextualize compelling action-items,1978,2024-08-05,2024-09-26,In Progress,Low,137,4.7,True,0.88
P6983,matrix world-class markets,1535,2024-02-27,2024-07-15,Delayed,Low,55,4.6,False,0.94
P6661,facilitate global networks,1494,2024-10-25,2024-12-05,Completed,High,97,4.9,True,0.89
P4130,facilitate magnetic architectures,1759,2024-09-13,2024-09-17,Completed,Low,173,,False,1.15
P5972,re-intermediate 24/7 channels,1072,2024-11-09,2024-12-21,Delayed,Medium,150,3.9,False,0.87
P9973,transition customized communities,1635,2024-01-10,,Completed,High,143,4.1,False,0.82
P3234,extend robust e-business,1654,2024-12-18,2024-12-28,Delayed,Low,167,4.8,True,1.1
P7045,engage vertical e-services,1341,2024-05-14,2024-11-15,Delayed,High,117,3.7,True,1.1
P7028,implement mission-critical networks,1064,2024-05-01,2024-09-02,In Progress,High,155,4.0,True,0.86
P7895,incubate back-end niches,1676,2024-08-22,2024-11-10,Delayed,High,56,4.9,False,1.18
P7591,harness customized users,1757,2024-05-04,2024-10-20,In Progress,Medium,59,4.1,False,0.87
P6323,transition customized portals,1296,2024-10-29,2024-11-05,Completed,High,89,,False,0.91
P3297,integrate turn-key portals,1744,2024-04-24,2024-07-05,In Progress,High,67,3.8,True,1.08
P4403,disintermediate strategic relationships,1928,2024-01-22,2024-09-24,In Progress,Low,138,4.8,False,0.88
P2064,scale world-class e-markets,1123,2024-12-24,,In Progress,High,155,4.5,True,1.05
P4944,empower value-added networks,1915,2024-07-07,2024-12-08,Delayed,Low,97,4.0,False,0.91
P9995,streamline one-to-one interfaces,1455,2024-11-01,2024-11-17,In Progress,Low,161,4.4,False,0.92
P4813,exploit turn-key metrics,1168,2024-09-07,2024-12-12,Completed,Medium,57,3.6,True,1.09
P3215,expedite interactive paradigms,1751,2024-10-12,,In Progress,Medium,184,4.1,False,1.18
P9343,utilize intuitive e-services,1108,2024-12-25,,In Progress,Medium,200,3.5,False,1.03
P2011,morph strategic content,1847,2024-12-09,,In Progress,Low,99,4.6,False,1.17
P5640,seize scalable architectures,1178,2024-12-05,2024-12-05,Delayed,High,103,,False,0.92
P3131,utilize intuitive portals,1910,2024-09-01,2024-12-02,Completed,Low,167,,False,1.07
P6701,generate real-time e-commerce,1212,2024-10-31,,In Progress,Low,105,,False,1.02
P1252,mesh dot-com synergies,1040,2024-05-19,2024-09-16,In Progress,Medium,141,3.9,False,1.01
P6441,integrate distributed paradigms,1354,2024-01-20,2024-01-25,In Progress,Low,195,3.9,True,1.17
P3557,envisioneer transparent portals,1486,2024-01-09,,Completed,Medium,108,3.7,False,0.85
P8117,morph plug-and-play architectures,1082,2024-11-25,2024-12-12,Completed,High,170,3.9,False,1.05
P7437,generate killer technologies,1270,2024-07-24,,Completed,High,157,3.5,False,1.18
P6203,exploit visionary convergence,1895,2024-10-11,2024-12-01,In Progress,Low,81,3.6,True,1.0
P1112,disintermediate transparent web-readiness,1077,2024-03-07,,In Progress,Low,132,4.3,False,0.93
P5925,benchmark B2B technologies,1742,2024-04-19,2024-11-19,Completed,High,182,4.7,False,1.07
P4772,enable turn-key systems,1132,2024-06-02,2024-11-14,Completed,Medium,59,,True,1.17
P4892,evolve dynamic deliverables,1597,2024-06-12,2024-07-05,Completed,High,75,4.6,False,1.11
P9275,syndicate open-source infrastructures,1027,2024-01-16,2024-10-12,Completed,Low,165,3.7,True,1.06
P4026,embrace frictionless web services,1866,2024-02-04,2024-08-18,Delayed,High,164,4.0,True,0.93
P5208,generate integrated convergence,1606,2024-12-12,2024-12-14,Delayed,Low,141,3.8,False,1.13
P5269,repurpose out-of-the-box markets,1153,2024-03-09,2024-11-28,Delayed,Low,172,4.9,False,1.05
P8165,embrace out-of-the-box networks,1875,2024-08-04,2024-12-13,In Progress,High,66,3.6,True,1.18
P3222,utilize extensible action-items,1176,2024-05-08,2024-12-27,Delayed,Medium,87,3.8,False,1.0
P4826,utilize visionary partnerships,1510,2024-02-12,2024-06-22,Delayed,Medium,166,3.6,False,0.8
P5119,morph intuitive functionalities,1708,2024-10-28,2024-12-15,Completed,High,107,3.6,True,0.88
P6823,innovate efficient info-mediaries,1781,2024-06-17,,In Progress,High,95,,True,1.07
P2374,iterate integrated solutions,1811,2024-11-08,2024-12-25,Delayed,Medium,91,,False,1.13
P6331,revolutionize mission-critical functionalities,1940,2024-11-13,,Delayed,Low,85,4.8,False,0.82
P7856,productize bleeding-edge communities,1699,2024-01-16,2024-10-10,Delayed,Medium,78,4.8,True,1.02
P1441,embrace ubiquitous interfaces,1002,2024-09-29,2024-10-23,Delayed,High,96,4.5,False,0.96
P7750,leverage bricks-and-clicks content,1496,2024-07-02,2024-07-13,Completed,High,156,4.7,True,1.13
P6676,deploy dot-com technologies,1610,2024-05-25,2024-07-02,Completed,Medium,150,4.5,False,0.97
P6803,benchmark next-generation technologies,1812,2024-04-17,2024-09-11,Completed,High,56,4.0,True,1.07
P1705,expedite viral portals,1055,2024-05-21,2024-12-03,In Progress,High,97,4.5,True,0.94
P8062,evolve bleeding-edge ROI,2000,2024-09-22,2024-11-20,In Progress,Medium,69,4.6,True,1.14
P2078,optimize e-business action-items,1268,2024-07-16,2024-12-13,In Progress,Low,145,,True,1.04
P1693,whiteboard end-to-end niches,1770,2024-12-01,2024-12-22,In Progress,Medium,73,4.6,True,1.1
P9791,innovate efficient models,1922,2024-10-16,2024-12-21,Completed,Medium,176,4.4,True,0.85
P8249,unleash granular applications,1969,2024-12-28,,In Progress,High,73,4.7,False,0.98
P1665,extend world-class networks,1381,2024-06-26,,In Progress,Low,176,4.8,True,0.93
P3167,iterate real-time content,1457,2024-02-05,2024-11-09,Completed,High,132,,True,1.13
P4241,redefine extensible web-readiness,1404,2024-07-24,,Delayed,Low,104,3.9,False,0.98
P8732,maximize extensible architectures,1369,2024-12-11,2024-12-11,In Progress,Low,133,4.8,True,0.9
P9090,morph wireless action-items,1716,2024-05-11,2024-12-08,In Progress,Low,84,4.3,True,0.82
P1422,generate B2C experiences,1559,2024-12-08,,Completed,Medium,188,,True,0.85
P1090,engage rich schemas,1256,2024-10-17,2024-11-14,Delayed,Low,111,3.6,False,0.8
P8602,syndicate interactive info-mediaries,1702,2024-01-08,2024-09-14,In Progress,Medium,183,4.7,True,1.15
P1302,repurpose compelling e-markets,1409,2024-06-03,,In Progress,Medium,116,4.8,True,0.91
P7531,iterate collaborative e-tailers,1803,2024-11-07,2024-12-01,Delayed,Low,161,3.7,True,1.19
P8273,integrate world-class action-items,1707,2024-06-24,2024-10-05,Completed,Medium,76,,False,1.11
P1616,seize one-to-one networks,1811,2024-04-16,2024-06-12,Completed,High,147,,True,1.01
P7754,target 24/7 e-commerce,1310,2024-02-08,2024-09-03,In Progress,High,134,4.9,False,0.95
P5098,maximize customized content,1520,2024-02-19,2024-09-15,Delayed,High,105,4.5,False,1.19
P2038,brand ubiquitous e-commerce,1361,2024-06-20,,Delayed,Low,95,3.9,False,0.96
P5975,engineer leading-edge e-business,1804,2024-06-14,2024-11-16,In Progress,Low,107,4.7,True,0.95
P2014,embrace dynamic relationships,1660,2024-02-01,2024-09-16,Delayed,Medium,162,4.7,False,1.04
P4540,e-enable dot-com channels,1454,2024-03-04,2024-07-29,Completed,High,105,3.8,True,0.81
P3718,repurpose best-of-breed initiatives,1293,2024-05-13,2024-12-23,Delayed,Medium,187,4.0,True,0.92
P2284,cultivate rich synergies,1742,2024-06-23,2024-09-15,In Progress,Low,90,4.7,False,0.96
P7699,seize next-generation systems,1005,2024-07-25,2024-12-26,Completed,Low,55,4.8,False,1.0
P3622,embrace proactive functionalities,1637,2024-05-03,2024-12-12,Delayed,Medium,83,4.8,False,1.02
P6400,drive killer applications,1774,2024-05-25,2024-11-10,In Progress,High,60,4.0,False,1.05
P7543,synthesize revolutionary web services,1019,2024-09-10,2024-11-29,Completed,High,100,4.1,False,1.04
P5218,generate customized info-mediaries,1024,2024-04-27,2024-08-12,In Progress,High,185,3.6,False,1.12
P4652,redefine one-to-one niches,1231,2024-07-05,,Completed,Medium,101,,True,0.99
P2710,exploit customized bandwidth,1616,2024-01-14,2024-05-31,Delayed,Low,124,4.5,False,1.18
P9447,enable bricks-and-clicks web-readiness,1078,2024-12-25,2024-12-25,Delayed,High,107,3.9,False,1.12
P9647,evolve bricks-and-clicks relationships,1073,2024-09-27,,Completed,High,114,4.6,True,0.88
P2770,re-intermediate front-end paradigms,1509,2024-04-19,2024-07-27,In Progress,High,175,4.6,True,1.15
P6054,harness ubiquitous vortals,1025,2024-09-05,2024-12-18,Completed,High,84,,True,1.04
P1909,synergize killer models,1846,2024-02-21,2024-07-13,In Progress,High,159,4.8,False,0.8
P6221,re-contextualize real-time convergence,1796,2024-04-10,2024-07-22,In Progress,High,148,4.5,False,1.14
P7374,unleash collaborative architectures,1214,2024-05-10,2024-09-17,Completed,Medium,96,4.2,True,1.2
P8119,innovate transparent e-tailers,1783,2024-11-19,2024-12-25,Delayed,Low,88,4.2,True,1.06
P3560,scale real-time ROI,1521,2024-04-03,2024-08-12,Delayed,Medium,111,4.3,True,0.98
P6925,productize open-source web-readiness,1166,2024-01-02,2024-10-03,Delayed,Medium,171,4.6,True,0.9
P2311,architect value-added methodologies,1935,2024-08-07,2024-10-12,In Progress,High,115,4.4,False,0.81
P3540,leverage collaborative info-mediaries,1744,2024-06-23,,In Progress,Medium,180,4.9,False,1.17
P3071,whiteboard B2B info-mediaries,1671,2024-02-20,2024-09-12,In Progress,High,113,4.9,False,0.99
P1002,innovate rich markets,1392,2024-05-31,2024-10-04,Completed,Low,126,4.2,True,0.91
P8400,benchmark real-time communities,1118,2024-10-05,2024-11-27,In Progress,High,51,4.3,True,0.97
P8070,brand wireless web-readiness,1365,2024-10-12,2024-12-13,In Progress,Low,195,4.5,False,0.94
P5125,re-contextualize cutting-edge e-business,1184,2024-04-01,2024-09-07,In Progress,High,116,,False,1.03
P5043,generate viral bandwidth,1992,2024-07-28,2024-08-03,Delayed,Medium,142,4.0,False,1.06
P3968,matrix extensible portals,1644,2024-06-18,2024-10-28,Delayed,Low,198,3.6,False,1.15
P6866,visualize front-end solutions,1507,2024-07-29,2024-08-31,Delayed,High,101,5.0,True,0.83
P8675,integrate leading-edge info-mediaries,1576,2024-09-25,2024-10-29,In Progress,High,92,3.6,True,1.0
P3404,exploit sticky e-commerce,1340,2024-08-22,2024-11-07,Delayed,Medium,66,4.0,True,0.91
P5366,syndicate rich bandwidth,1996,2024-05-17,2024-08-11,Completed,Low,83,4.4,False,1.16
P6091,enable efficient models,1246,2024-09-21,2024-11-09,In Progress,Low,121,,False,1.13
P5940,envisioneer innovative applications,1549,2024-02-11,2024-07-23,Delayed,Medium,181,4.6,True,1.02
P5176,aggregate cutting-edge applications,1463,2024-02-13,2024-07-13,Delayed,Low,174,4.2,False,0.84
P8472,iterate collaborative ROI,1360,2024-05-09,2024-05-17,Completed,Medium,187,,False,0.85
P2064,seize robust platforms,1905,2024-05-13,2024-07-20,Delayed,Medium,104,4.2,True,0.89
P4235,seize cutting-edge e-business,1541,2024-05-30,2024-06-27,Completed,Medium,55,5.0,True,1.03
P7965,mesh leading-edge info-mediaries,1864,2024-07-04,,In Progress,High,80,4.0,False,1.05
P8071,orchestrate best-of-breed markets,1559,2024-08-30,2024-12-06,In Progress,Medium,94,3.6,True,0.87
P3971,integrate vertical deliverables,1476,2024-07-04,2024-11-11,Completed,Medium,176,5.0,False,0.98
P7429,architect extensible applications,1704,2024-01-25,2024-04-10,In Progress,Low,118,4.4,False,1.04
P7071,architect compelling content,1342,2024-01-08,2024-03-02,Delayed,Low,99,5.0,True,1.19
P4098,e-enable user-centric networks,1027,2024-03-30,2024-06-07,In Progress,Low,107,3.9,False,0.91
P2570,engineer efficient e-business,1293,2024-11-30,2024-12-08,Completed,Medium,130,3.8,True,1.18
P6459,transform clicks-and-mortar infrastructures,1571,2024-04-19,,Completed,Medium,73,5.0,False,1.13
P8003,innovate synergistic e-business,1446,2024-09-27,2024-11-02,Delayed,High,100,3.7,True,1.12
P5878,embrace virtual networks,1401,2024-08-26,2024-09-17,In Progress,Low,191,4.1,False,0.86
P4652,deploy back-end paradigms,1331,2024-11-24,2024-12-08,In Progress,Low,112,4.6,True,1.13
P3629,optimize sticky users,1091,2024-04-06,,In Progress,Medium,153,4.7,True,0.92
P6868,target mission-critical portals,1603,2024-03-01,2024-10-01,Delayed,Medium,170,,True,1.08
P8022,redefine synergistic applications,1492,2024-06-17,,Delayed,High,82,3.8,True,0.83
P4545,evolve B2B web-readiness,1273,2024-05-15,2024-06-21,In Progress,Medium,144,4.9,True,1.11
P9360,transition bleeding-edge networks,1896,2024-11-10,2024-11-28,Delayed,High,108,4.2,False,1.05
P6110,extend leading-edge relationships,1853,2024-11-11,2024-12-24,Delayed,Medium,198,3.7,False,1.17
P7758,brand user-centric experiences,1199,2024-08-22,2024-11-04,In Progress,Low,194,3.5,True,0.91
P5825,orchestrate killer networks,1889,2024-08-13,2024-10-01,Completed,High,85,3.6,True,0.91
P6590,transition dynamic schemas,1269,2024-12-26,2024-12-26,Completed,Medium,173,3.8,True,1.0
P2546,drive compelling convergence,1138,2024-09-19,2024-10-29,Completed,Low,105,4.6,True,1.04
P1670,innovate front-end communities,1841,2024-12-07,2024-12-27,Completed,Medium,50,4.9,False,1.05
P7976,monetize integrated action-items,1963,2024-07-24,2024-10-29,Completed,Medium,193,3.6,False,1.01
P6084,syndicate web-enabled content,1973,2024-07-03,2024-11-19,Delayed,Low,51,4.0,False,1.15
P4286,engage world-class markets,1534,2024-08-31,,Completed,Medium,104,4.1,False,1.0
P2764,incentivize value-added ROI,1201,2024-10-12,,Completed,Medium,118,4.4,True,1.03
P2765,syndicate global methodologies,1777,2024-12-05,2024-12-15,Delayed,Medium,62,3.6,False,0.92
P6193,target best-of-breed partnerships,1502,2024-11-03,2024-11-10,Delayed,High,82,,False,1.19
P4342,seize revolutionary supply-chains,1310,2024-06-04,2024-08-04,In Progress,Low,195,4.8,True,0.97
P2345,aggregate granular e-commerce,1533,2024-05-16,,In Progress,High,105,4.1,False,0.92
P4204,expedite B2B niches,1624,2024-06-21,2024-10-18,Delayed,Medium,176,3.6,False,0.81
P6484,innovate interactive bandwidth,1120,2024-11-30,2024-12-14,Completed,High,57,3.8,False,1.19
P6050,strategize plug-and-play models,1763,2024-02-25,,Delayed,High,189,4.3,True,1.15
P9117,drive real-time metrics,1308,2024-08-16,2024-10-01,Completed,Medium,155,4.8,False,0.93
P4445,leverage user-centric systems,1100,2024-01-31,2024-12-07,Completed,High,122,,False,1.16
P5738,synthesize compelling portals,1654,2024-03-05,2024-09-17,Completed,Low,194,3.8,True,1.05
P2205,incubate integrated e-business,1241,2024-07-12,2024-12-12,Delayed,Medium,152,4.5,False,0.86
P6443,envisioneer vertical systems,1520,2024-02-02,2024-02-22,Delayed,High,146,4.6,False,1.08
P3365,expedite enterprise e-business,1194,2024-05-27,2024-07-30,Delayed,Low,58,4.3,True,0.93
P6315,harness viral technologies,1934,2024-11-04,2024-12-10,In Progress,High,101,4.7,True,0.88
P8724,harness holistic e-services,1025,2024-02-08,2024-11-22,Completed,Low,89,,False,1.03
P6812,deliver scalable eyeballs,1705,2024-01-29,2024-10-13,Completed,High,65,4.3,True,1.12
P6719,utilize back-end partnerships,1263,2024-01-08,2024-04-27,Delayed,High,80,3.5,True,1.1
P7328,productize value-added bandwidth,1567,2024-09-30,,Completed,Medium,58,,False,1.01
P2788,maximize innovative channels,1367,2024-11-08,2024-11-17,Delayed,High,84,4.5,True,0.8
P6330,incentivize interactive bandwidth,1743,2024-08-19,2024-10-12,Completed,Medium,133,4.5,False,0.86
P2283,brand bricks-and-clicks systems,1863,2024-01-22,2024-03-31,In Progress,Medium,75,4.5,False,0.82
P4125,envisioneer impactful e-services,1934,2024-07-24,2024-08-12,Delayed,Low,81,4.4,True,1.0
P2576,seize turn-key web-readiness,1442,2024-11-06,,In Progress,High,109,4.6,True,1.04
P3220,architect out-of-the-box e-tailers,1768,2024-01-31,2024-09-13,Delayed,Medium,69,4.1,False,1.2
P2442,repurpose strategic web-readiness,1578,2024-12-16,2024-12-17,Delayed,High,65,,True,0.87
P1375,drive world-class mindshare,1213,2024-12-08,2024-12-10,Completed,Medium,166,4.1,False,1.05
P5026,strategize visionary e-services,1400,2024-04-27,2024-09-17,Completed,Low,190,4.7,True,0.96
P4946,evolve magnetic info-mediaries,1315,2024-12-05,,In Progress,Medium,150,3.8,True,1.1
P1913,integrate innovative web services,1271,2024-01-23,2024-10-18,In Progress,Low,181,4.8,True,0.94
P5429,empower dynamic infrastructures,1629,2024-09-26,2024-11-09,Completed,High,67,3.8,True,0.93
P2405,grow bricks-and-clicks e-markets,1457,2024-12-17,2024-12-28,Completed,High,178,4.2,True,1.18
P2303,synthesize bleeding-edge synergies,1853,2024-01-11,2024-11-17,In Progress,High,167,4.4,True,0.95
P6111,transform visionary e-tailers,1345,2024-03-12,,Delayed,Medium,144,4.1,True,1.05
P8928,architect web-enabled metrics,1144,2024-06-24,,Completed,Low,191,3.9,False,1.17
P9761,exploit revolutionary infrastructures,1687,2024-07-05,,Completed,High,91,,True,1.05
P3823,transform distributed networks,1659,2024-11-22,2024-11-22,In Progress,Medium,77,3.9,False,0.86
P9038,leverage intuitive schemas,1320,2024-03-07,2024-08-14,Delayed,Low,112,4.0,False,0.85
P4582,redefine granular methodologies,1382,2024-08-27,2024-09-26,Completed,Low,121,3.8,True,0.85
P7951,morph value-added synergies,1216,2024-12-14,,In Progress,Medium,97,,True,0.99
P1455,architect enterprise supply-chains,1490,2024-06-10,2024-07-10,In Progress,Medium,85,4.8,False,0.81
P1869,iterate cutting-edge interfaces,1677,2024-04-14,,Delayed,Medium,194,4.4,False,1.05
P8370,redefine turn-key infrastructures,1754,2024-01-21,2024-03-27,Delayed,Low,139,4.4,False,0.83
P8337,facilitate revolutionary niches,1217,2024-04-15,2024-07-20,Delayed,Medium,124,4.1,True,1.08
P4567,evolve innovative schemas,1724,2024-11-17,2024-12-09,Delayed,Medium,179,,True,0.98
P5631,iterate proactive paradigms,1933,2024-10-03,,In Progress,Medium,62,4.7,True,0.85
P8923,facilitate scalable infrastructures,1098,2024-04-27,,Completed,High,122,4.9,False,1.17
P3265,extend interactive partnerships,1743,2024-12-13,2024-12-20,Completed,High,71,3.8,True,0.96
P7653,embrace world-class e-business,1973,2024-10-01,,Delayed,High,170,4.0,False,1.03
P2835,whiteboard transparent markets,1041,2024-12-19,2024-12-28,Delayed,High,198,3.6,True,0.85
P8432,syndicate wireless metrics,1506,2024-11-18,2024-11-25,Completed,Low,199,,True,1.0
P9450,exploit efficient models,1330,2024-10-30,2024-11-17,In Progress,Low,96,3.7,False,1.15
P6552,brand next-generation markets,1742,2024-07-07,2024-11-01,Delayed,High,123,4.6,True,0.98
P9140,morph open-source architectures,1832,2024-11-25,2024-12-10,In Progress,Low,182,4.0,False,1.05
P9154,syndicate cross-media synergies,1070,2024-02-28,2024-06-30,Delayed,Medium,128,3.6,False,1.13
P5185,leverage virtual content,1793,2024-11-21,2024-12-04,Completed,Medium,128,4.2,True,0.96
P5695,engineer leading-edge architectures,1439,2024-06-04,2024-09-13,In Progress,High,151,4.6,True,0.85
P2111,matrix back-end web services,1537,2024-08-17,,Delayed,Low,175,4.5,False,1.13
P7842,deliver next-generation initiatives,1475,2024-10-16,2024-12-22,In Progress,High,124,3.7,True,1.08
P2676,facilitate back-end platforms,1249,2024-10-30,2024-12-16,Delayed,High,183,4.1,False,1.14
P6490,leverage rich models,1124,2024-10-13,2024-12-02,In Progress,High,140,4.2,False,1.05
P1999,embrace seamless schemas,1031,2024-02-12,2024-12-16,In Progress,Medium,64,4.4,False,0.93
P1322,transition mission-critical architectures,1216,2024-08-04,,Completed,Medium,100,4.9,True,0.86
P3873,engage vertical partnerships,1177,2024-01-22,2024-06-13,Completed,High,96,4.3,False,0.98
P7008,repurpose open-source convergence,1131,2024-08-08,2024-11-12,In Progress,Medium,91,4.8,False,0.99
P8062,integrate frictionless interfaces,1650,2024-12-19,2024-12-24,In Progress,Low,153,3.7,False,0.89
P3215,extend enterprise vortals,1316,2024-07-10,,Completed,Low,97,3.9,True,0.97
P1687,morph real-time technologies,1927,2024-12-10,2024-12-11,In Progress,Low,146,4.6,True,1.09
P1771,productize efficient channels,1526,2024-02-05,2024-05-31,Delayed,Medium,165,4.2,False,0.81
P3634,revolutionize B2B interfaces,1588,2024-08-30,2024-10-19,Completed,High,196,4.6,True,1.12
P1017,whiteboard vertical deliverables,1061,2024-07-10,2024-12-10,In Progress,High,138,,False,1.16
P6501,scale cross-media paradigms,1117,2024-07-28,2024-08-08,Delayed,High,114,4.0,True,0.96
P2182,transition 24/7 e-services,1595,2024-01-26,2024-06-01,Completed,High,56,4.7,True,0.81
P7617,deliver next-generation ROI,1584,2024-06-19,2024-10-26,Delayed,Low,126,,False,0.86
P6940,deliver dot-com e-business,1969,2024-06-08,,Completed,High,169,4.4,False,1.04
P7680,envisioneer B2B portals,1184,2024-06-21,2024-06-29,Completed,Medium,183,3.9,False,1.07
P3918,drive one-to-one technologies,1217,2024-01-25,2024-07-02,Completed,Low,176,4.9,True,0.83
P8461,cultivate clicks-and-mortar systems,1702,2024-02-28,,In Progress,Low,92,4.2,False,1.17
P7557,repurpose strategic systems,1581,2024-05-28,,In Progress,Medium,92,4.1,True,0.99
P8719,integrate cutting-edge users,1402,2024-09-10,2024-09-12,Delayed,High,165,4.9,True,0.85
P1542,enhance cutting-edge relationships,1066,2024-01-31,2024-05-12,Delayed,Medium,94,4.4,True,1.01
P3693,orchestrate magnetic metrics,1373,2024-08-11,2024-11-10,Completed,Low,169,3.6,False,1.12
P4967,visualize plug-and-play interfaces,1822,2024-10-17,,Delayed,Low,117,4.5,False,1.02
P2796,extend sticky methodologies,1420,2024-06-08,,Delayed,Low,157,4.6,False,0.93
P5057,harness dot-com initiatives,1319,2024-01-19,,Completed,High,200,3.6,True,1.16
P2268,generate strategic vortals,1305,2024-12-02,2024-12-24,Delayed,Medium,58,4.5,True,0.82
P8000,generate rich e-commerce,1989,2024-01-15,2024-01-26,Delayed,High,143,3.6,True,1.1
P8617,evolve ubiquitous convergence,1272,2024-01-06,,Completed,Low,156,4.8,False,0.8
P3758,unleash clicks-and-mortar synergies,1330,2024-10-21,2024-10-31,Completed,Medium,97,3.9,False,1.11
P5818,redefine collaborative schemas,1828,2024-12-15,2024-12-25,Delayed,Medium,72,,True,1.16
P4855,deliver front-end relationships,1328,2024-04-07,2024-06-15,Completed,Low,153,3.6,True,0.83
P2868,brand sticky deliverables,1504,2024-05-20,2024-11-13,Completed,Medium,93,3.8,True,0.96
P3389,redefine compelling info-mediaries,1299,2024-08-30,2024-11-21,Completed,High,86,3.9,False,0.83
P8838,brand cutting-edge models,1454,2024-11-06,2024-11-10,In Progress,Low,175,4.5,True,0.86
P6964,evolve granular ROI,1265,2024-02-20,2024-11-13,Delayed,High,110,3.5,True,0.89
P9417,enhance seamless applications,1679,2024-08-02,2024-12-27,Completed,High,99,3.8,True,0.94
P7374,morph best-of-breed synergies,1650,2024-12-01,2024-12-06,In Progress,High,153,4.3,True,0.99
P4908,generate B2C initiatives,1379,2024-09-03,2024-12-26,Completed,Low,62,3.7,False,0.81
P1258,grow virtual relationships,1207,2024-05-20,2024-07-20,In Progress,Medium,51,4.3,True,1.16
P5339,incubate magnetic solutions,1464,2024-08-29,2024-12-01,Completed,High,78,4.2,False,1.13
P4730,redefine efficient markets,1511,2024-06-13,2024-12-10,Delayed,Low,86,5.0,False,1.15
P9171,innovate sticky communities,1336,2024-12-13,2024-12-25,In Progress,High,82,4.6,True,1.18
P9368,integrate cross-media applications,1749,2024-09-23,2024-12-06,Completed,Low,129,,False,0.87
P6662,exploit front-end bandwidth,1939,2024-08-14,2024-10-04,Delayed,High,76,4.5,True,1.07
P9293,benchmark proactive infrastructures,1027,2024-08-31,2024-11-14,Completed,High,186,3.6,True,1.05
P3899,revolutionize frictionless supply-chains,1237,2024-03-09,2024-11-24,In Progress,Low,118,4.0,True,0.87
P3229,exploit end-to-end markets,1369,2024-10-20,2024-11-28,In Progress,Medium,109,4.5,False,0.87
P6167,architect next-generation platforms,1918,2024-07-25,,In Progress,Low,87,4.7,False,1.05
P4045,implement robust eyeballs,1593,2024-10-15,,Delayed,Medium,114,3.6,False,0.94
P2122,transition robust partnerships,1720,2024-05-18,2024-11-24,In Progress,Low,189,4.7,False,1.13
P2740,cultivate frictionless markets,1803,2024-11-26,2024-12-15,Completed,Low,198,4.7,True,1.18
P8606,strategize web-enabled bandwidth,1974,2024-10-12,2024-12-14,In Progress,Low,197,4.6,False,0.83
P2404,enhance out-of-the-box supply-chains,1697,2024-01-25,,Completed,Low,50,3.8,True,1.03
P7547,matrix sticky vortals,1090,2024-08-28,2024-11-04,In Progress,Medium,63,4.9,False,1.03
P6574,grow enterprise partnerships,1681,2024-02-17,2024-07-18,Completed,Medium,167,4.8,False,0.94
P2232,deploy B2C networks,1634,2024-06-18,2024-11-01,Delayed,Medium,155,4.1,True,0.86
P6019,incubate impactful solutions,1388,2024-06-06,2024-10-18,Delayed,High,196,4.0,True,1.14
P1074,enable bricks-and-clicks action-items,1241,2024-05-29,2024-06-19,Delayed,Medium,100,3.9,True,0.92
P3544,deliver holistic solutions,1107,2024-11-30,2024-12-18,In Progress,Low,80,4.2,False,1.08
P3377,orchestrate leading-edge e-business,1280,2024-12-25,,Completed,Low,127,4.5,False,0.88
P1462,reinvent world-class niches,1526,2024-02-27,,Completed,Medium,163,4.2,True,0.81
P6985,exploit vertical architectures,1181,2024-05-19,2024-06-05,Delayed,Low,193,4.3,True,0.89
P5889,empower vertical e-business,1486,2024-08-26,,In Progress,Low,132,,True,0.93
P5829,exploit plug-and-play e-tailers,1437,2024-06-19,2024-10-05,Completed,Low,162,4.4,True,1.16
P4204,visualize rich platforms,1390,2024-11-15,2024-12-28,In Progress,Medium,164,4.6,False,1.15
P9288,incubate 24/365 functionalities,1217,2024-11-13,2024-12-23,Completed,Medium,127,4.7,True,1.08
P9837,envisioneer 24/7 markets,1151,2024-12-11,,Completed,High,115,4.3,True,0.87
P6678,implement user-centric architectures,1525,2024-01-20,2024-09-24,In Progress,Low,192,4.9,True,1.1
P2397,envisioneer front-end action-items,1680,2024-05-05,2024-11-30,In Progress,High,95,3.9,True,0.84
P7852,enhance proactive synergies,1310,2024-11-26,2024-12-23,In Progress,Low,101,4.3,False,0.84
P5764,streamline magnetic vortals,1229,2024-04-17,2024-10-01,In Progress,Low,160,4.7,False,0.91
P1325,unleash next-generation synergies,1232,2024-11-20,2024-12-21,In Progress,High,110,3.6,False,1.08
P7141,incubate rich paradigms,1496,2024-10-02,,Completed,Low,94,4.7,False,1.14
P8390,maximize interactive info-mediaries,1679,2024-05-29,2024-09-13,Completed,High,159,3.7,True,0.91
P4201,envisioneer front-end bandwidth,1568,2024-05-24,2024-05-26,Completed,High,77,4.8,False,0.93
P7309,streamline turn-key schemas,1707,2024-12-09,2024-12-23,Delayed,Medium,175,3.5,True,1.04
P6644,streamline back-end info-mediaries,1148,2024-11-15,2024-11-26,Completed,Low,165,4.0,True,0.9
P2838,enable holistic experiences,1859,2024-01-06,,In Progress,High,109,4.6,False,0.82
P3059,utilize granular bandwidth,1618,2024-07-24,2024-11-13,In Progress,Medium,136,4.2,True,1.03
P6829,disintermediate one-to-one solutions,1092,2024-06-14,2024-09-24,Delayed,Low,140,4.1,True,0.89
P3629,revolutionize scalable vortals,1339,2024-01-02,2024-09-24,Delayed,High,97,4.9,True,1.05
P4541,generate scalable initiatives,1438,2024-12-23,2024-12-26,In Progress,Low,141,4.5,False,1.05
P8589,incubate world-class models,1111,2024-12-13,2024-12-28,In Progress,Medium,113,4.3,False,1.08
P3322,syndicate best-of-breed users,1674,2024-05-07,2024-08-31,In Progress,High,119,4.5,True,0.97
P2588,implement front-end ROI,1181,2024-07-16,2024-12-13,Completed,Medium,79,4.2,True,1.19
P6453,utilize enterprise communities,1351,2024-07-07,2024-09-04,In Progress,Low,118,4.7,False,1.07
P9233,deliver world-class synergies,1534,2024-07-17,2024-08-17,Delayed,Low,117,3.9,True,1.04
P3465,seize turn-key e-services,1749,2024-06-21,2024-07-22,Delayed,Medium,133,3.9,False,1.03
P5902,disintermediate global users,1718,2024-03-12,2024-03-17,Completed,Low,129,4.6,False,0.86
P6079,harness out-of-the-box markets,1073,2024-05-20,2024-06-17,Delayed,Low,198,4.8,True,0.92
P6910,facilitate granular portals,1147,2024-02-15,2024-04-28,In Progress,Medium,58,4.9,False,0.86
P8622,evolve visionary schemas,1686,2024-06-30,2024-07-15,Completed,Low,144,4.2,False,1.17
P1819,innovate cross-media synergies,1820,2024-07-17,2024-10-17,In Progress,High,163,4.4,False,0.83
P1461,disintermediate 24/7 e-tailers,1661,2024-10-06,,In Progress,High,140,4.9,True,1.05
P3778,re-intermediate 24/7 deliverables,1290,2024-12-02,,Completed,Medium,154,4.6,False,0.85
P1817,empower e-business mindshare,1759,2024-09-03,,Delayed,Low,194,3.6,True,1.13
P4450,extend e-business technologies,1091,2024-01-10,2024-05-28,Delayed,Low,51,4.5,True,0.83
P8228,enable vertical synergies,1754,2024-02-09,,In Progress,High,164,4.4,False,1.2
P8890,morph revolutionary niches,1330,2024-07-10,,Delayed,Low,57,4.9,False,0.94
P6133,optimize open-source e-commerce,1720,2024-10-12,2024-11-17,In Progress,High,122,4.7,True,0.88
P9913,redefine killer e-tailers,1844,2024-08-13,2024-12-08,In Progress,High,156,4.4,True,0.88
P1869,syndicate transparent e-business,1298,2024-11-07,2024-11-21,Delayed,Low,125,,True,0.85
P5172,generate enterprise schemas,1814,2024-02-26,,Delayed,High,117,3.6,False,1.06
P5762,morph customized e-services,1580,2024-08-10,2024-12-01,Completed,Medium,173,4.4,True,0.88
P4829,e-enable 24/365 paradigms,1736,2024-07-17,2024-10-15,Delayed,High,60,4.6,False,0.84
P2636,innovate out-of-the-box ROI,1737,2024-08-08,2024-09-06,Delayed,High,90,,False,1.07
P4085,expedite scalable architectures,1906,2024-11-26,2024-12-05,Delayed,Low,106,,False,0.98
P2859,deploy 24/365 e-markets,1651,2024-01-20,2024-06-10,Delayed,Low,56,4.9,True,0.86
P9874,grow strategic eyeballs,1891,2024-11-11,2024-11-13,Delayed,Low,152,4.5,True,1.11
P6830,architect compelling e-tailers,1144,2024-04-27,2024-06-13,In Progress,High,131,4.0,False,0.91
P4100,re-intermediate e-business channels,1066,2024-08-24,2024-10-20,In Progress,Medium,165,4.3,True,1.04
P3663,incubate innovative networks,1580,2024-09-07,2024-11-06,In Progress,Low,90,4.6,True,0.82
P6652,synergize front-end solutions,1073,2024-03-27,2024-09-10,Delayed,Low,116,4.4,True,1.06
P8852,architect cutting-edge convergence,1638,2024-06-16,2024-10-09,Completed,High,146,4.4,True,1.03
P2468,evolve extensible vortals,1655,2024-09-20,2024-10-27,Completed,Medium,173,3.8,True,0.98
P4545,generate efficient relationships,1994,2024-09-26,2024-11-22,In Progress,High,63,4.5,False,0.96
P3806,disintermediate robust users,1631,2024-06-12,2024-07-27,Completed,High,142,4.6,True,0.81
P2833,transform distributed architectures,1002,2024-08-14,2024-10-15,Delayed,High,143,4.0,False,1.02
P3313,generate sticky users,1318,2024-09-29,2024-10-21,Completed,Medium,119,,True,1.12
P8638,engage compelling e-markets,1844,2024-06-22,2024-10-19,Completed,Low,84,4.6,False,0.98
P3194,incentivize revolutionary channels,1631,2024-10-30,2024-11-21,In Progress,Medium,185,3.6,True,0.87
P1855,empower B2C e-tailers,1708,2024-03-18,2024-03-21,Completed,High,174,4.6,True,1.19
P8436,scale web-enabled platforms,1931,2024-04-03,2024-06-28,Completed,High,137,4.2,False,1.15
P4516,maximize integrated synergies,1118,2024-09-13,,In Progress,Low,64,4.4,True,0.88
P3594,harness proactive e-business,1024,2024-10-25,2024-11-08,In Progress,Low,169,4.2,True,0.85
P7846,repurpose B2C models,1169,2024-10-09,2024-12-17,Completed,Low,103,4.0,False,1.02
P7021,implement proactive content,1655,2024-01-07,2024-04-16,In Progress,Medium,151,4.4,True,1.04
P1538,redefine user-centric architectures,1743,2024-04-05,2024-11-03,Delayed,High,195,3.9,False,1.0
P8192,target revolutionary models,1941,2024-06-15,2024-10-10,In Progress,Low,165,4.9,True,0.94
P9323,synergize revolutionary communities,1428,2024-09-10,2024-10-09,In Progress,High,159,5.0,False,0.97
P6296,syndicate next-generation e-commerce,1367,2024-06-29,2024-08-29,Delayed,Medium,174,4.0,False,1.14
P7493,deliver proactive convergence,1964,2024-03-19,2024-08-26,In Progress,High,198,3.9,False,0.83
P1085,aggregate leading-edge schemas,1384,2024-03-20,2024-09-24,In Progress,High,85,4.8,False,1.0
P3714,orchestrate 24/365 solutions,1003,2024-10-27,2024-12-17,In Progress,Medium,146,4.2,False,0.82
P5905,integrate ubiquitous web-readiness,1747,2024-12-08,2024-12-28,Delayed,Medium,154,4.5,False,0.89
P4007,exploit frictionless technologies,1722,2024-02-06,2024-09-29,Delayed,Medium,58,3.7,True,1.11
P3666,synthesize scalable functionalities,1339,2024-06-29,,Completed,High,90,3.8,True,1.11
P1204,disintermediate mission-critical deliverables,1833,2024-09-23,2024-11-07,Completed,High,122,4.7,True,1.16
P2571,strategize global platforms,1388,2024-09-25,2024-12-23,In Progress,High,168,4.8,True,0.93
P6387,maximize transparent solutions,1100,2024-01-02,,In Progress,Medium,193,4.6,False,0.89
P4719,mesh virtual mindshare,1648,2024-06-05,2024-11-30,In Progress,High,125,4.4,True,0.97
P6704,matrix cutting-edge users,1356,2024-09-09,2024-09-22,Delayed,High,136,4.3,False,1.06
P1114,synergize value-added synergies,1330,2024-08-10,,Delayed,High,61,,True,1.0
P8495,iterate innovative communities,1310,2024-05-26,2024-10-27,Completed,Low,81,,False,0.9
P9892,streamline extensible communities,1434,2024-07-07,2024-10-29,Delayed,High,74,3.6,True,0.91
P7381,incubate real-time architectures,1770,2024-05-23,2024-07-28,Delayed,Low,165,4.9,True,0.81
P9040,re-contextualize vertical e-commerce,1722,2024-05-05,2024-11-16,In Progress,High,103,4.5,False,0.94
P2458,optimize customized metrics,1754,2024-07-31,2024-12-28,Completed,High,126,4.5,False,1.13
P9934,whiteboard front-end platforms,1898,2024-02-22,2024-04-22,Delayed,Medium,132,3.6,False,1.02
P1570,expedite visionary synergies,1179,2024-09-15,2024-12-12,Delayed,Medium,129,5.0,True,1.04
P7056,integrate leading-edge deliverables,1588,2024-03-25,2024-05-11,In Progress,Medium,50,4.8,False,1.06
P7585,engage clicks-and-mortar e-business,1031,2024-03-23,2024-07-03,Completed,High,158,3.7,False,1.13
P5301,matrix back-end portals,1176,2024-07-31,2024-10-06,Delayed,Low,147,4.0,False,1.04
P3623,target revolutionary niches,1374,2024-12-18,2024-12-24,In Progress,Medium,65,4.4,True,1.15
P2809,incentivize dynamic portals,1426,2024-12-14,2024-12-26,In Progress,Medium,194,4.8,True,0.97
P3917,incubate enterprise bandwidth,1022,2024-06-10,2024-10-11,In Progress,Medium,81,,True,1.08
P3252,enable integrated markets,1363,2024-12-21,2024-12-28,Completed,High,116,4.4,False,1.03
P8689,architect innovative web services,1343,2024-03-11,2024-04-18,Completed,High,116,4.8,False,1.17
P4350,utilize cutting-edge e-commerce,1677,2024-07-14,2024-11-24,In Progress,Medium,195,4.5,False,1.04
P9857,deploy seamless markets,1088,2024-10-17,2024-12-26,Delayed,Medium,185,3.5,True,1.05
P2432,matrix collaborative functionalities,1679,2024-05-04,2024-12-25,Completed,High,109,4.2,False,1.15
P4310,monetize magnetic functionalities,1959,2024-09-22,,Completed,Medium,110,3.6,False,0.8
P2610,synthesize value-added e-tailers,1477,2024-01-10,2024-08-03,Completed,Medium,178,4.4,True,0.9
P1670,reinvent open-source action-items,1523,2024-06-21,2024-09-30,Delayed,High,67,4.9,True,1.09
P3321,enable next-generation deliverables,1851,2024-06-19,2024-07-09,Completed,Low,128,3.9,True,1.14
P9436,utilize front-end infrastructures,1115,2024-07-23,2024-10-27,Delayed,Low,156,4.4,False,0.84
P5766,generate turn-key models,1778,2024-05-09,,Completed,High,137,4.4,True,1.08
P9375,transform web-enabled functionalities,1887,2024-07-28,2024-11-28,In Progress,Low,84,3.6,True,1.08
P4656,aggregate intuitive technologies,1553,2024-10-12,2024-11-23,Delayed,Low,111,4.5,True,0.9
P1971,embrace compelling web services,1230,2024-11-13,2024-11-21,In Progress,High,171,4.0,True,1.0
P6692,enable real-time info-mediaries,1229,2024-05-11,2024-10-08,Delayed,Low,109,3.7,True,0.82
P3555,empower dot-com action-items,1644,2024-08-18,2024-12-12,Delayed,High,174,4.3,False,0.96
P8400,e-enable one-to-one models,1084,2024-03-17,,Completed,High,63,3.6,True,1.18
P1161,leverage customized e-services,1844,2024-07-30,,In Progress,High,146,4.6,False,1.07
P3095,integrate synergistic experiences,1219,2024-10-07,2024-12-24,Completed,High,112,4.0,True,0.84
P7176,deploy user-centric channels,1278,2024-12-01,2024-12-24,Delayed,High,198,4.4,True,1.14
P5203,monetize value-added systems,1540,2024-01-13,2024-08-05,In Progress,Medium,199,4.4,True,0.94
P1902,unleash wireless portals,1478,2024-07-21,2024-09-12,In Progress,Medium,114,4.0,True,1.07
P7748,engineer one-to-one supply-chains,1459,2024-12-14,2024-12-14,Completed,High,115,4.9,False,0.93
P5236,envisioneer transparent architectures,1894,2024-06-20,2024-09-15,In Progress,Medium,142,4.3,False,1.1
P9382,expedite holistic mindshare,1164,2024-02-23,2024-04-08,Delayed,High,150,4.0,True,1.15
P1407,e-enable cutting-edge supply-chains,1626,2024-09-14,2024-11-14,In Progress,Low,71,4.3,True,0.83
P4666,harness cross-platform web services,1962,2024-09-02,2024-09-26,In Progress,High,177,4.3,True,1.0
P3170,orchestrate back-end supply-chains,1496,2024-11-27,2024-12-11,Delayed,Medium,81,3.9,True,0.87
P6199,generate cutting-edge interfaces,1119,2024-08-06,,Completed,High,102,4.5,False,1.1
P3251,re-intermediate virtual networks,1191,2024-06-25,2024-07-28,Completed,Low,166,3.6,False,1.17
P4547,target granular channels,1614,2024-08-23,2024-09-02,In Progress,Low,63,3.9,True,1.04
P9020,syndicate real-time paradigms,1947,2024-10-06,2024-11-15,In Progress,Low,107,3.7,True,1.01
P8537,transform turn-key portals,1939,2024-06-17,2024-06-26,In Progress,Medium,189,4.7,False,1.18
P9641,mesh granular systems,1163,2024-02-10,2024-05-08,Delayed,Medium,144,4.6,False,1.11
P9452,engage transparent web services,1578,2024-10-05,2024-10-27,Delayed,High,73,4.9,False,0.87
P4852,architect web-enabled e-business,1123,2024-07-27,2024-11-06,In Progress,Low,50,3.8,False,0.94
P4073,e-enable integrated channels,1831,2024-02-22,2024-05-10,In Progress,High,166,4.7,False,0.85
P4534,visualize dot-com e-commerce,1013,2024-03-01,2024-07-18,Completed,Medium,87,3.8,True,1.15
P8529,extend next-generation ROI,1628,2024-09-09,2024-12-15,Completed,Low,146,3.7,True,0.8
P9158,productize user-centric infrastructures,1529,2024-08-06,2024-10-25,Completed,Medium,115,3.9,True,1.17
P2369,disintermediate wireless relationships,1122,2024-01-24,2024-04-21,Completed,Medium,176,4.3,False,1.17
P5969,empower scalable schemas,1080,2024-07-12,,Completed,High,178,4.5,False,1.11
P6897,aggregate holistic experiences,1288,2024-12-20,2024-12-23,Completed,Low,162,4.4,True,0.94
P4448,unleash extensible applications,1836,2024-12-25,2024-12-25,Completed,Low,194,4.3,False,0.84
P1923,orchestrate compelling e-services,1416,2024-03-03,2024-08-09,Completed,High,62,,False,0.92
P8647,implement wireless paradigms,1022,2024-08-31,2024-11-09,In Progress,Medium,65,4.8,True,0.84
P8722,optimize B2C e-commerce,1141,2024-01-21,2024-10-30,In Progress,Low,56,3.5,False,1.14
P8724,iterate integrated functionalities,1769,2024-06-09,2024-09-27,In Progress,Low,199,5.0,True,1.02
P2492,benchmark user-centric partnerships,1879,2024-11-17,2024-11-18,Delayed,High,189,4.9,True,1.15
P3889,generate robust networks,1233,2024-04-20,2024-12-10,Completed,Low,69,3.8,True,1.19
P6410,evolve clicks-and-mortar markets,1486,2024-12-18,2024-12-28,Completed,Low,85,4.3,True,1.1
P2416,brand impactful convergence,1211,2024-08-19,2024-09-08,Completed,Low,147,4.2,False,0.81
P5830,benchmark world-class content,1802,2024-11-20,2024-12-22,Delayed,High,94,3.7,True,1.03
P7444,re-contextualize interactive paradigms,1334,2024-05-11,2024-09-08,In Progress,High,121,3.8,True,0.97
P6798,syndicate real-time interfaces,1095,2024-01-22,2024-02-28,Delayed,Low,102,3.8,False,0.86
P3608,extend holistic content,1954,2024-02-20,2024-10-31,In Progress,Medium,158,4.1,True,0.87
P7387,exploit clicks-and-mortar experiences,1934,2024-11-30,2024-12-07,Completed,Medium,127,4.4,False,1.12
P3721,transition end-to-end supply-chains,1770,2024-05-02,2024-07-11,Completed,Medium,93,4.0,False,0.9
P8371,re-contextualize ubiquitous methodologies,1151,2024-09-15,2024-12-22,Delayed,Low,146,4.2,False,0.82
P9381,transition 24/365 markets,1663,2024-12-27,,Delayed,Medium,106,,False,0.82
P6623,aggregate granular platforms,1357,2024-07-12,2024-12-09,Completed,High,144,3.6,False,0.91
P2530,disintermediate wireless networks,1188,2024-06-08,2024-11-09,In Progress,Low,116,4.5,True,1.08
P1438,integrate customized markets,1426,2024-12-10,2024-12-12,Delayed,High,111,4.6,False,1.16
P4676,innovate wireless partnerships,1515,2024-08-31,2024-12-12,In Progress,Medium,132,4.3,False,1.11
P8915,transition rich infrastructures,1460,2024-12-01,2024-12-06,In Progress,Low,139,4.9,True,1.09
P7301,redefine dot-com synergies,1869,2024-03-23,2024-12-07,Delayed,Low,172,4.3,False,1.15
P8423,seize robust web-readiness,1541,2024-09-05,2024-10-03,Delayed,High,160,4.2,True,1.11
P9381,empower virtual eyeballs,1239,2024-06-07,,Completed,Medium,185,,False,1.19
P5285,redefine dot-com action-items,1535,2024-06-27,2024-09-16,In Progress,Low,77,4.8,True,1.07
P5643,e-enable extensible web services,1877,2024-04-30,,In Progress,Medium,68,4.5,True,0.99
P2728,enable user-centric methodologies,1176,2024-06-09,2024-10-18,Completed,Low,87,4.4,False,1.15
P6212,seize leading-edge vortals,1657,2024-09-23,2024-12-20,Completed,High,174,3.6,True,1.13
P5025,synthesize holistic methodologies,1043,2024-03-15,2024-07-03,In Progress,Low,106,3.5,False,0.92
P2775,evolve strategic e-markets,1418,2024-11-26,2024-12-08,Delayed,Medium,90,4.7,False,0.83
P9078,deliver out-of-the-box networks,1059,2024-01-06,2024-03-06,In Progress,High,53,4.7,True,0.86
P9590,aggregate rich supply-chains,1748,2024-12-06,2024-12-14,Delayed,Medium,60,,True,0.98
P1554,expedite rich vortals,1853,2024-05-19,,Completed,High,174,,False,0.84
P8518,reinvent leading-edge portals,1271,2024-08-06,2024-12-27,Delayed,Low,191,4.7,True,0.99
P7818,innovate cross-media vortals,1995,2024-10-08,2024-10-14,Delayed,Low,164,3.8,False,0.97
P1265,generate frictionless e-services,1049,2024-03-04,,In Progress,High,163,3.6,False,0.82
P7068,cultivate mission-critical interfaces,1526,2024-01-20,2024-11-27,Delayed,High,151,4.8,True,0.95
P6549,drive bleeding-edge web-readiness,1004,2024-12-24,2024-12-25,Completed,Medium,60,,True,1.13
P3452,repurpose interactive functionalities,1103,2024-12-19,,Completed,Low,79,4.1,True,1.15
P6220,synthesize ubiquitous niches,1967,2024-02-22,2024-10-13,Completed,High,59,4.9,True,1.1
P2116,enhance bleeding-edge eyeballs,1915,2024-04-24,2024-08-13,Delayed,Medium,194,3.9,True,0.8
P8149,seize ubiquitous deliverables,1392,2024-08-18,2024-10-17,Delayed,High,172,3.6,True,0.91
P7972,redefine rich experiences,1313,2024-06-15,,Completed,Low,193,3.7,True,1.03
P6396,matrix scalable technologies,1264,2024-10-11,2024-11-07,Delayed,High,148,4.2,True,0.83
P3554,target end-to-end portals,1896,2024-11-28,2024-12-20,In Progress,Medium,127,4.4,False,0.93
P5512,whiteboard impactful niches,1996,2024-09-04,,Delayed,Low,71,4.5,True,1.17
P9599,syndicate B2C mindshare,1854,2024-12-20,2024-12-27,Completed,Medium,169,4.4,False,0.8
P3320,repurpose distributed platforms,1902,2024-03-22,,In Progress,High,85,3.9,False,0.87
P6248,deploy customized functionalities,1119,2024-08-06,2024-08-07,In Progress,High,163,3.7,True,0.86
P2476,generate intuitive web-readiness,1159,2024-12-14,,Delayed,Low,83,,True,1.11
P8573,maximize visionary schemas,1426,2024-01-13,2024-08-31,In Progress,Medium,182,3.8,False,1.02
P2012,reinvent frictionless applications,1511,2024-04-23,2024-08-14,Completed,Medium,160,4.5,False,0.97
P8159,optimize enterprise functionalities,1888,2024-08-09,2024-09-26,Completed,High,146,,True,1.18
P8113,embrace end-to-end mindshare,1727,2024-04-10,2024-05-30,Delayed,Medium,67,4.5,False,1.12
P7799,brand synergistic mindshare,1505,2024-02-19,,In Progress,High,133,5.0,False,1.06
P5991,revolutionize scalable ROI,1870,2024-05-15,2024-11-13,In Progress,Medium,169,4.9,True,1.08
P2822,benchmark intuitive synergies,1922,2024-04-20,2024-11-06,In Progress,Low,115,4.3,True,1.05
P8606,syndicate e-business relationships,1179,2024-05-12,2024-09-30,Completed,Low,94,4.7,False,1.18
P9753,extend back-end e-services,1264,2024-10-24,2024-12-14,Delayed,Medium,82,4.0,False,1.19
P5507,productize enterprise convergence,1706,2024-04-12,2024-08-26,Delayed,Low,98,3.5,True,0.86
P4828,orchestrate magnetic technologies,1103,2024-02-15,2024-10-24,In Progress,Medium,133,4.8,False,0.94
P3821,empower leading-edge bandwidth,1938,2024-03-20,2024-07-01,Completed,Low,113,4.9,True,0.89
P3652,deliver vertical e-markets,1397,2024-09-25,2024-09-27,Completed,High,156,4.7,False,0.92
P1086,architect intuitive action-items,1924,2024-11-27,2024-12-28,Completed,High,190,,True,0.89
P7499,re-intermediate distributed action-items,1651,2024-08-17,2024-10-19,Completed,High,69,4.5,False,1.19
P2460,incubate real-time vortals,1102,2024-05-05,2024-10-26,Completed,Low,141,4.3,False,1.14
P4987,utilize collaborative e-tailers,1217,2024-08-28,,Delayed,Medium,91,3.7,False,1.15
P1639,e-enable 24/7 eyeballs,1942,2024-09-25,2024-12-04,Delayed,Low,146,4.4,False,0.81
P3246,optimize mission-critical partnerships,1909,2024-07-22,2024-08-22,Completed,Medium,66,,True,0.82
P5338,monetize B2C platforms,1660,2024-03-11,2024-08-10,In Progress,Low,53,,False,1.0
P7145,evolve turn-key portals,1142,2024-09-13,2024-12-21,In Progress,Medium,194,4.2,False,1.05
P9620,revolutionize rich schemas,1567,2024-04-11,,Completed,Medium,100,4.8,False,0.97
P2645,architect plug-and-play functionalities,1232,2024-07-15,2024-11-05,Completed,Medium,113,,True,0.98
P9240,synthesize leading-edge relationships,1235,2024-06-25,2024-07-05,In Progress,Low,120,4.8,True,0.97
P4616,grow proactive e-business,1917,2024-11-28,2024-11-29,Completed,Medium,115,4.8,False,1.18
P9294,whiteboard wireless channels,1519,2024-05-24,2024-05-31,Delayed,Low,155,4.6,True,1.08
P6127,reinvent visionary interfaces,1744,2024-05-29,2024-08-21,In Progress,Low,141,4.5,False,0.9
P9004,unleash 24/365 channels,1810,2024-03-10,2024-06-17,In Progress,Low,180,4.2,True,1.06
P8507,grow B2C synergies,1342,2024-06-14,2024-10-21,Delayed,High,200,3.8,False,0.94
P5580,expedite scalable portals,1709,2024-10-25,2024-12-12,Completed,Low,55,,False,1.05
P2794,integrate compelling mindshare,1626,2024-10-13,2024-11-29,In Progress,Medium,184,3.9,True,1.03
P6675,grow rich models,1857,2024-08-29,2024-10-14,In Progress,High,189,4.9,False,1.04
P4881,leverage dynamic e-business,1870,2024-09-14,2024-11-16,Delayed,Medium,111,4.6,True,0.81
P3094,brand dynamic architectures,1688,2024-08-16,2024-12-14,Delayed,Medium,139,4.4,True,1.15
P4377,exploit seamless relationships,1379,2024-08-07,2024-08-28,In Progress,Medium,105,4.7,True,0.92
P9019,transform magnetic mindshare,1544,2024-04-17,2024-07-29,Completed,Low,106,4.6,True,0.83
P4893,disintermediate customized networks,1360,2024-12-21,,Delayed,Low,143,4.1,False,1.13
P6519,mesh frictionless interfaces,1648,2024-02-29,,Completed,Medium,159,4.0,False,1.15
P2121,orchestrate vertical platforms,1488,2024-11-10,,Completed,Medium,105,4.5,True,1.17
P5564,transform turn-key metrics,1936,2024-06-11,2024-10-25,Delayed,Low,134,4.6,False,0.89
P4262,harness frictionless info-mediaries,1435,2024-10-07,2024-12-02,Delayed,Low,81,4.7,True,1.06
P7892,envisioneer customized users,1632,2024-12-26,,Delayed,High,171,3.7,False,0.99
P7504,synthesize mission-critical relationships,1106,2024-11-18,2024-12-23,Delayed,Medium,85,,False,1.14
P1591,extend magnetic solutions,1767,2024-09-06,2024-11-09,In Progress,Medium,76,4.5,False,1.19
P6400,visualize customized networks,1756,2024-03-20,2024-04-16,Delayed,Medium,124,,False,1.13
P2372,optimize killer experiences,1243,2024-10-27,2024-11-18,Completed,Medium,147,4.6,False,0.92
P3050,transition rich supply-chains,1030,2024-04-26,,Completed,High,60,4.5,True,1.09
P5093,matrix innovative e-business,1769,2024-12-14,2024-12-23,Completed,Low,144,4.3,True,0.86
P6801,brand mission-critical bandwidth,1675,2024-11-19,,In Progress,Low,101,3.6,False,1.09
P9446,whiteboard scalable eyeballs,1247,2024-05-27,2024-10-14,In Progress,Low,124,4.5,False,0.92
P1065,exploit vertical web-readiness,1891,2024-02-13,,In Progress,High,124,4.7,False,1.1
P2984,leverage rich deliverables,1481,2024-11-01,2024-11-05,Delayed,Medium,157,4.6,False,1.15
P7576,repurpose synergistic deliverables,1514,2024-06-13,2024-10-10,Completed,Low,94,3.8,True,1.08
P8483,redefine plug-and-play markets,1202,2024-09-17,,Delayed,Medium,168,4.7,False,1.15
P4061,seize 24/7 functionalities,1465,2024-10-25,2024-10-25,In Progress,Low,166,4.1,False,0.82
P6851,enhance scalable experiences,1396,2024-02-18,2024-06-23,Completed,High,142,4.1,True,0.97
P6671,aggregate mission-critical e-business,1632,2024-11-01,2024-12-11,Delayed,Low,84,5.0,False,0.91
P5254,facilitate killer models,1110,2024-09-28,2024-09-28,Completed,Low,119,,False,0.88
P9434,expedite best-of-breed communities,1447,2024-11-20,2024-12-08,Completed,Medium,199,4.1,True,0.8
P3545,target frictionless models,1069,2024-10-10,2024-12-03,Completed,High,174,4.4,True,1.04
P3377,revolutionize viral ROI,1728,2024-04-21,2024-09-17,In Progress,Low,194,,True,1.02
P9753,redefine collaborative vortals,1877,2024-06-02,,In Progress,High,82,,False,0.8
P2212,optimize cross-media communities,1869,2024-03-16,2024-04-19,In Progress,High,142,4.6,True,1.0
P8201,engineer best-of-breed users,1989,2024-09-16,2024-11-05,Delayed,Medium,82,3.7,True,0.93
P4683,iterate proactive systems,1703,2024-07-10,2024-08-05,Completed,High,77,5.0,False,1.15
P2317,expedite dynamic platforms,1346,2024-05-06,2024-10-26,In Progress,Medium,101,,True,1.14
P5745,morph real-time initiatives,1787,2024-04-30,2024-08-24,Delayed,Low,79,3.7,False,1.07
P6646,synergize real-time vortals,1437,2024-08-18,2024-12-05,In Progress,High,113,4.1,False,0.83
P3089,reinvent back-end web services,1883,2024-09-20,2024-12-03,In Progress,Medium,158,4.0,False,0.89
P8680,empower clicks-and-mortar networks,1113,2024-03-19,2024-10-19,Completed,Medium,114,3.8,True,1.01
P4198,revolutionize rich systems,1890,2024-12-28,2024-12-28,In Progress,Low,109,3.5,True,0.91
P6098,iterate synergistic systems,1013,2024-09-15,2024-09-29,Delayed,Medium,179,4.2,False,0.97
P5144,repurpose transparent deliverables,1323,2024-11-27,2024-12-08,Delayed,Low,79,4.8,False,0.89
P2732,visualize visionary markets,1572,2024-05-08,2024-05-10,Completed,Medium,133,4.9,False,0.91
P6756,productize B2C convergence,1041,2024-05-04,2024-06-15,Completed,Low,66,3.8,False,0.95
P7812,redefine 24/7 web-readiness,1559,2024-02-04,2024-10-12,In Progress,High,157,4.9,True,1.02
P8853,visualize user-centric systems,1809,2024-03-15,2024-04-18,In Progress,Low,108,3.7,True,1.06
P5078,syndicate synergistic applications,1532,2024-02-20,2024-02-27,In Progress,Low,56,4.7,True,1.04
P8299,empower out-of-the-box e-markets,1743,2024-02-10,2024-05-26,In Progress,Medium,143,3.7,True,1.15
P1807,re-intermediate transparent interfaces,1838,2024-06-15,2024-07-14,Completed,High,109,4.1,False,0.98
P1548,innovate enterprise synergies,1319,2024-10-09,2024-11-22,Delayed,High,193,4.4,True,1.1
P4047,drive open-source markets,1781,2024-02-05,,Delayed,Low,53,4.9,False,0.81
P9374,incentivize real-time synergies,1754,2024-10-05,2024-10-31,Completed,Medium,79,4.2,True,1.13
P2306,evolve clicks-and-mortar ROI,1938,2024-10-25,,Delayed,Low,161,3.9,False,1.08
P9217,facilitate ubiquitous architectures,1099,2024-06-01,2024-10-23,In Progress,Medium,180,4.2,False,1.01
P6728,target out-of-the-box e-markets,1525,2024-09-26,2024-10-25,Delayed,High,175,4.8,False,1.08
P5788,visualize impactful relationships,1489,2024-11-23,,Delayed,Low,167,4.4,False,0.97
P1887,matrix dynamic channels,1663,2024-10-16,2024-11-29,In Progress,High,95,4.5,False,0.84
P4345,syndicate compelling content,1552,2024-08-16,2024-12-18,Completed,Medium,182,4.1,False,1.02
P9604,streamline cross-platform synergies,1677,2024-02-02,2024-11-24,In Progress,Low,54,,True,1.18
P1990,re-intermediate vertical eyeballs,1962,2024-06-17,2024-10-20,Delayed,Low,62,4.9,False,0.84
P1644,streamline seamless e-commerce,1280,2024-04-03,2024-07-06,Delayed,Medium,154,3.6,True,0.89
P5624,embrace extensible models,1183,2024-10-22,2024-11-09,Delayed,Medium,171,3.9,False,1.15
P9846,cultivate next-generation platforms,1073,2024-09-04,2024-09-08,In Progress,High,195,4.6,False,0.82
P9544,e-enable open-source e-services,1792,2024-11-21,2024-12-09,In Progress,High,163,3.7,False,0.96
P4213,e-enable plug-and-play e-services,1386,2024-11-26,,In Progress,Medium,132,3.6,False,1.09
P4233,e-enable value-added vortals,1872,2024-11-20,,Delayed,High,98,4.0,False,0.9
P1827,revolutionize distributed communities,1953,2024-03-20,,Completed,High,134,3.6,True,1.19
P5582,implement holistic deliverables,1031,2024-07-29,2024-11-21,Completed,High,165,,False,1.09
P9043,productize next-generation eyeballs,1188,2024-01-28,2024-09-30,Delayed,Low,105,,False,1.13
P5789,streamline enterprise initiatives,1153,2024-08-12,2024-09-20,Delayed,Medium,81,4.4,False,1.15
P2226,cultivate leading-edge info-mediaries,1403,2024-05-16,,In Progress,Medium,125,4.9,True,0.84
P3224,iterate scalable e-commerce,1836,2024-02-13,,In Progress,Medium,188,3.6,False,1.16
P6522,strategize scalable e-services,1925,2024-06-03,2024-07-20,Completed,High,175,4.1,True,0.89
P5496,streamline open-source networks,1281,2024-06-17,2024-12-12,Delayed,Medium,70,4.1,False,0.84
P8887,embrace 24/7 bandwidth,1406,2024-01-23,2024-05-06,Completed,Medium,139,5.0,False,1.17
P8102,grow user-centric methodologies,1545,2024-09-12,2024-12-12,Delayed,Medium,91,4.9,True,0.98
P8349,expedite front-end e-markets,1381,2024-03-19,2024-04-28,In Progress,Low,168,3.6,True,1.14
P2415,maximize integrated methodologies,1672,2024-06-21,2024-06-27,In Progress,Medium,172,,False,1.05
P8185,engage plug-and-play niches,1002,2024-01-19,,Delayed,Medium,91,4.0,True,0.98
P4210,transition innovative eyeballs,1869,2024-08-27,2024-11-16,Completed,High,52,4.3,True,0.97
P7940,cultivate magnetic web-readiness,1802,2024-02-28,2024-10-19,In Progress,High,128,3.6,False,1.02
P5981,engineer holistic users,1751,2024-07-18,2024-11-25,Delayed,High,180,3.9,True,1.08
P3313,unleash collaborative systems,1008,2024-07-19,2024-09-17,Completed,Medium,191,4.1,False,0.81
P7013,incubate B2C portals,1702,2024-11-25,2024-12-22,In Progress,High,175,4.7,False,0.93
P7332,target cross-media e-business,1723,2024-10-29,2024-11-19,In Progress,Low,51,3.9,False,0.92
P2828,extend impactful users,1019,2024-06-05,2024-12-28,Completed,Low,88,5.0,False,0.81
P7906,brand virtual systems,1078,2024-09-23,,In Progress,Medium,111,4.1,True,1.03
P7059,reinvent bleeding-edge synergies,1859,2024-04-08,2024-10-20,Delayed,High,163,3.9,True,1.06
P3383,maximize visionary partnerships,1435,2024-12-04,2024-12-05,Delayed,Medium,175,3.5,True,1.12
P8885,morph holistic supply-chains,1990,2024-12-15,2024-12-22,Completed,Low,62,4.0,False,0.91
P4920,utilize one-to-one solutions,1645,2024-08-17,2024-10-24,Delayed,High,149,4.4,True,1.1
P5026,synergize customized eyeballs,1628,2024-11-26,2024-12-06,Delayed,Low,100,4.7,True,1.02
P9672,evolve innovative vortals,1816,2024-10-09,2024-12-11,Completed,Medium,181,4.2,False,1.19
P7207,engineer innovative niches,1105,2024-05-28,2024-11-17,In Progress,Low,86,3.6,True,0.99
P6896,leverage viral technologies,1999,2024-01-07,2024-08-02,Completed,Low,198,3.5,False,1.17
P4227,monetize 24/7 experiences,1612,2024-10-19,2024-11-27,Completed,Medium,95,4.8,False,0.82
P3527,evolve next-generation vortals,1405,2024-04-03,2024-09-24,In Progress,High,161,3.6,True,0.98
P8279,empower frictionless web services,1451,2024-01-22,2024-08-29,Delayed,Medium,163,3.8,False,0.83
P1743,repurpose sticky relationships,1070,2024-11-10,2024-12-01,In Progress,High,197,4.9,True,0.89
P8961,deploy web-enabled info-mediaries,1371,2024-12-17,2024-12-23,In Progress,Low,158,3.9,False,0.85
P3480,generate magnetic initiatives,1727,2024-07-28,2024-08-13,In Progress,High,170,4.1,True,1.01
P2819,e-enable innovative relationships,1281,2024-12-08,2024-12-23,Delayed,High,154,3.6,True,1.03
P6969,drive intuitive action-items,1022,2024-02-11,2024-08-28,In Progress,Low,117,4.8,False,0.99
P9575,utilize efficient systems,1151,2024-05-28,2024-06-06,In Progress,Low,52,4.3,False,1.14
P6814,monetize user-centric content,1521,2024-08-18,2024-08-27,Delayed,Low,56,4.7,False,0.97
P3638,morph leading-edge convergence,1704,2024-04-19,2024-12-07,Delayed,Medium,130,4.9,True,1.15
P9244,exploit innovative supply-chains,1632,2024-09-21,,In Progress,High,107,4.4,False,0.91
P6268,engineer magnetic e-business,1857,2024-02-08,2024-09-29,Completed,Medium,125,4.1,True,0.99
P8284,synthesize e-business functionalities,1739,2024-04-09,2024-06-08,In Progress,Low,88,4.5,False,1.15
P2385,innovate granular e-commerce,1388,2024-01-29,2024-09-26,In Progress,Low,110,3.5,False,0.8
P1981,expedite scalable web-readiness,1472,2024-11-02,2024-12-23,In Progress,Medium,170,4.5,True,1.14
P6229,deliver cutting-edge methodologies,1709,2024-08-30,,Completed,Medium,141,4.3,True,0.85
P2152,brand intuitive technologies,1446,2024-01-20,2024-09-24,Completed,Low,177,3.5,True,0.96
P2325,brand cutting-edge architectures,1880,2024-04-29,2024-05-30,In Progress,Medium,185,4.0,True,1.15
P3353,syndicate plug-and-play methodologies,1916,2024-02-07,2024-03-17,In Progress,Medium,131,4.2,True,0.88
P9783,e-enable efficient communities,1131,2024-02-29,,Delayed,Medium,121,3.8,False,1.06
P4261,matrix collaborative markets,1932,2024-01-01,2024-06-07,Completed,Low,111,4.0,False,1.03
P6721,facilitate cross-media schemas,1043,2024-08-04,2024-08-09,Delayed,High,161,4.6,True,1.14
P7737,innovate value-added portals,1842,2024-02-29,2024-06-16,Completed,High,66,4.3,False,0.92
P2852,synthesize world-class info-mediaries,1722,2024-08-29,2024-11-30,Completed,Medium,98,4.5,True,1.13
P6144,envisioneer clicks-and-mortar paradigms,1149,2024-03-09,,Completed,High,162,4.7,False,0.85
P4843,aggregate strategic relationships,1591,2024-03-30,2024-04-21,Completed,High,97,3.6,True,0.83
P7280,extend transparent infrastructures,1368,2024-01-26,,Completed,High,98,4.4,True,1.06
P9950,benchmark user-centric ROI,1055,2024-06-22,2024-08-28,In Progress,High,185,4.0,True,1.02
